key,English,Arabic,OK? (Y/N),Better wording,Comment
list.save,Save,حفظ,,,
list.cancel,Cancel,إلغاء,,,
list.deleteAsk,Delete this document?,حذف هذا المستند؟,,,
list.deleteYes,"Yes, delete",نعم، احذف,,,
list.keep,Keep,إبقاء,,,
list.recent,Recent documents,المستندات الأخيرة,,,
list.total,{count} total,المجموع {count},,,
list.emptyBody,Your next chapter starts with one document.,يبدأ فصلك التالي بمستند واحد.,,,
app.loading,Loading…,جارٍ التحميل…,,,
nav.scan,Scan,مسح,,,
nav.documents,My documents,مستنداتي,,,
nav.admin,Admin,الإدارة,,,
nav.private,Private,خاص,,,
nav.signIn,Sign in,تسجيل الدخول,,,
nav.openAccount,Open account menu,فتح قائمة الحساب,,,
nav.language,Language,اللغة,,,
menu.privacy,Privacy & your data,الخصوصية وبياناتك,,,
menu.signOut,Sign out,تسجيل الخروج,,,
menu.proSoon,Pro is coming soon,الإصدار الاحترافي قريبًا,,,
consent.title,Your documents are private to you.,مستنداتك خاصة بك.,,,
consent.body,"We store your scans and their recognized text to run Arks Scanner, use Google services for sign-in and text recognition, and never sell your data. You can download or delete your data at any time.",نحفظ مستنداتك الممسوحة والنص المستخرج منها لتشغيل Arks Scanner، ونستخدم خدمات Google لتسجيل الدخول والتعرّف على النص، ولا نبيع بياناتك أبدًا. يمكنك تنزيل بياناتك أو حذفها في أي وقت.,,,
consent.accept,I understand,فهمت,,,
privacy.title,Privacy & your data,الخصوصية وبياناتك,,,
privacy.lead,Your documents are private to you. You can take a copy of your data or delete your account at any time.,مستنداتك خاصة بك. يمكنك أخذ نسخة من بياناتك أو حذف حسابك في أي وقت.,,,
privacy.downloadTitle,Download my data,تنزيل بياناتي,,,
privacy.downloadBody,"A file with your account details, documents and their recognized text, plan usage and activity.",ملف يحتوي على تفاصيل حسابك ومستنداتك ونصوصها المستخرجة واستخدام الخطة ونشاطك.,,,
privacy.downloadButton,Download my data,تنزيل بياناتي,,,
privacy.downloaded,Your data file has been downloaded.,تم تنزيل ملف بياناتك.,,,
privacy.downloadFailed,We could not prepare your data. Please try again.,تعذّر تجهيز بياناتك. يرجى المحاولة مرة أخرى.,,,
privacy.deleteTitle,Delete my account,حذف حسابي,,,
privacy.deleteBody,This removes your documents and your sign-in. It cannot be undone from the app.,سيؤدي هذا إلى حذف مستنداتك وحساب تسجيل الدخول. لا يمكن التراجع عن ذلك من التطبيق.,,,
privacy.deleteConfirm,Type DELETE to confirm,اكتب DELETE للتأكيد,,,
privacy.deleteButton,Delete my account,حذف حسابي,,,
privacy.lastAdmin,You are the only admin. Add another admin before deleting your account.,أنت المسؤول الوحيد. أضف مسؤولًا آخر قبل حذف حسابك.,,,
privacy.deleteFailed,Your account could not be deleted. Please try again.,تعذّر حذف حسابك. يرجى المحاولة مرة أخرى.,,,
scan.eyebrow,New scan,مسح جديد,,,
scan.title,Upload your document,ارفع مستندك,,,
scan.formats,"PDF, JPEG, PNG, or HEIC · Maximum 25 MB · Private by default",PDF أو JPEG أو PNG أو HEIC · الحد الأقصى 25 ميغابايت · خاص افتراضيًا,,,
scan.documentTitle,Document title,عنوان المستند,,,
scan.optional,(optional),(اختياري),,,
scan.titleHint,"Uploading starts as soon as you choose files, and the file name is used as the title. Type a name before choosing files, or rename it later from My documents.",يبدأ الرفع فور اختيار الملفات، ويُستخدم اسم الملف عنوانًا. اكتب اسمًا قبل اختيار الملفات، أو أعد التسمية لاحقًا من مستنداتي.,,,
scan.chooseFiles,Choose files,اختر الملفات,,,
scan.browse,Browse files on your device,تصفّح الملفات على جهازك,,,
scan.continue,Continue to import,متابعة إلى الاستيراد,,,
scan.error.unsupported_type,"Choose a PDF, JPEG, PNG, or HEIC file.",اختر ملف PDF أو JPEG أو PNG أو HEIC.,,,
scan.error.empty_file,Choose a file that is not empty.,اختر ملفًا غير فارغ.,,,
scan.error.file_too_large,Choose a file smaller than 25 MB.,اختر ملفًا أصغر من 25 ميغابايت.,,,
scan.error.intent_expired,The secure upload link expired. Please try again.,انتهت صلاحية رابط الرفع الآمن. يرجى المحاولة مرة أخرى.,,,
scan.error.upload_failed,The file could not be uploaded. Please try again.,تعذّر رفع الملف. يرجى المحاولة مرة أخرى.,,,
scan.error.request_failed,We could not start the scan. Please try again.,تعذّر بدء المسح. يرجى المحاولة مرة أخرى.,,,
list.eyebrow,Your private workspace,مساحة عملك الخاصة,,,
list.title,Your documents,مستنداتك,,,
list.subtitle,A little less paperwork. A little more peace of mind.,أوراق أقل. وراحة بال أكثر.,,,
list.newScan,New Scan,مسح جديد,,,
list.loading,Loading documents…,جارٍ تحميل المستندات…,,,
list.loadFailed,We couldn't load your documents,تعذّر تحميل مستنداتك,,,
list.tryAgain,Please try again in a moment.,يرجى المحاولة بعد قليل.,,,
list.empty,No scans yet,لا توجد مستندات ممسوحة بعد,,,
list.pages,{count} pages,{count} صفحات,,,
list.page,1 page,صفحة واحدة,,,
list.updated,Updated {date},آخر تحديث {date},,,
list.deletesIn,Deletes in {count} days,يُحذف خلال {count} أيام,,,
list.deletesInOne,Deletes in 1 day,يُحذف خلال يوم واحد,,,
list.deletesToday,Deletes today,يُحذف اليوم,,,
list.expiringBanner,"A document will be deleted within a day. Download it now, or upgrade to Pro to keep your documents.",سيُحذف مستند خلال يوم. نزّله الآن، أو قم بالترقية إلى الإصدار الاحترافي للاحتفاظ بمستنداتك.,,,
list.rename,Rename,إعادة تسمية,,,
list.delete,Delete,حذف,,,
list.renamePrompt,Rename document,إعادة تسمية المستند,,,
list.deleteConfirm,Delete “{title}”? This cannot be undone from the app.,حذف «{title}»؟ لا يمكن التراجع عن ذلك من التطبيق.,,,
list.bin.title,Recently deleted,المحذوفة مؤخرًا,,,
list.bin.hint,"Deleted documents stay here for 30 days, then they are removed for good.",تبقى المستندات المحذوفة هنا لمدة 30 يومًا، ثم تُحذف نهائيًا.,,,
list.bin.empty,Nothing deleted in the last 30 days.,لم يُحذف أي شيء خلال آخر 30 يومًا.,,,
list.bin.deleted,Deleted {deleted} · removed for good after {purge},حُذف في {deleted} · يُحذف نهائيًا بعد {purge},,,
list.bin.restore,Restore,استعادة,,,
list.bin.restoreFailed,We could not restore this document. Please try again.,تعذّرت استعادة هذا المستند. يُرجى المحاولة مرة أخرى.,,,
list.bin.limit,Restoring this would go over your plan's document limit. Delete another document or upgrade first.,ستؤدي استعادة هذا المستند إلى تجاوز حد المستندات في خطتك. احذف مستندًا آخر أو قم بالترقية أولًا.,,,
list.bin.loadFailed,We could not load recently deleted documents.,تعذّر تحميل المستندات المحذوفة مؤخرًا.,,,
ws.wm.preset.government,FOR GOVERNMENT USE ONLY,للاستخدام الحكومي فقط,,,
ws.wm.preset.ic,FOR IC VERIFICATION ONLY,للتحقق من الهوية فقط,,,
ws.wm.preset.confidential,CONFIDENTIAL,سري,,,
ws.wm.preset.copy,COPY,نسخة,,,
ws.wm.preset.draft,DRAFT,مسودة,,,
ws.wm.preset.sample,SAMPLE,عينة,,,
ws.wm.color.red,Red,أحمر,,,
ws.wm.color.navy,Navy,كحلي,,,
ws.wm.color.black,Black,أسود,,,
ws.wm.color.grey,Grey,رمادي,,,
ws.wm.color.green,Green,أخضر,,,
ws.wm.color.orange,Orange,برتقالي,,,
ws.wm.font.liberation-sans,Arial style,نمط Arial,,,
ws.wm.font.carlito,Calibri style,نمط Calibri,,,
ws.wm.font.oswald,Oswald (stamp),Oswald (ختم),,,
ws.wm.font.liberation-serif,Times style,نمط Times,,,
ws.wm.font.liberation-mono,Typewriter,آلة كاتبة,,,
ws.wm.font.caveat,Handwriting,خط اليد,,,
ws.wm.font.dancing-script,Script,خط مزخرف,,,
list.deleteFailed,That document could not be deleted. Please try again.,تعذّر حذف هذا المستند. يرجى المحاولة مرة أخرى.,,,
list.renameFailed,That document could not be renamed. Please try again.,تعذّرت إعادة تسمية هذا المستند. يرجى المحاولة مرة أخرى.,,,
list.titleTooLong,A title can have at most 200 characters.,يمكن أن يحتوي العنوان على 200 حرف كحد أقصى.,,,
workspace.view,View,عرض,,,
workspace.edit,Edit,تحرير,,,
workspace.export,Export,تصدير,,,
workspace.exportPdf,Export PDF,تصدير PDF,,,
tool.crop,Crop & look,القص والمظهر,,,
tool.clean,Clean page,تنظيف الصفحة,,,
tool.text,Edit text,تحرير النص,,,
tool.add,Add text,إضافة نص,,,
tool.sign,Signature,التوقيع,,,
tool.mark,Tick / Cross,صح / خطأ,,,
tool.ocr,Recognize text,التعرّف على النص,,,
tool.search,Search text,البحث في النص,,,
tool.history,History,السجل,,,
editor.editingPage,Editing page {position},تحرير الصفحة {position},,,
editor.done,Done,تم,,,
editor.backToDocument,← Back to document,← العودة إلى المستند,,,
editor.pageEditor,PAGE EDITOR,محرر الصفحة,,,
editor.editPage,Edit page,تحرير الصفحة,,,
editor.pageN,Page {position},الصفحة {position},,,
editor.pageIntro,"Add a mark or signature directly. To replace scanned words, recognize text first.",أضف علامة أو توقيعًا مباشرة. لاستبدال الكلمات الممسوحة، تعرّف على النص أولاً.,,,
editor.openingPage,Opening page…,جارٍ فتح الصفحة…,,,
editor.retry,Retry,إعادة المحاولة,,,
editor.addText,+ Add text,+ إضافة نص,,,
editor.addSignature,+ Add signature,+ إضافة توقيع,,,
editor.tickCross,✓ Tick / × Cross,✓ علامة صح / × علامة خطأ,,,
editor.reloadMarks,Reload saved marks,إعادة تحميل العلامات المحفوظة,,,
editor.reloadSignatures,Reload saved signatures,إعادة تحميل التوقيعات المحفوظة,,,
editor.sigPlacementControls,Signature placement controls,عناصر تحكم موضع التوقيع,,,
editor.placeSignature,Place your signature,ضع توقيعك,,,
editor.sigDragHint,Drag to move · corner handles resize · arrow keys move · Shift + arrows resize,اسحب للتحريك · مقابض الزوايا لتغيير الحجم · مفاتيح الأسهم للتحريك · Shift + الأسهم لتغيير الحجم,,,
editor.leftPct,Left (%),يسار (%),,,
editor.topPct,Top (%),أعلى (%),,,
editor.widthPct,Width (%),العرض (%),,,
editor.saving,Saving…,جارٍ الحفظ…,,,
editor.saveSignature,Save signature,حفظ التوقيع,,,
editor.cancel,Cancel,إلغاء,,,
editor.savedSigActions,Saved signature actions,إجراءات التوقيع المحفوظ,,,
editor.signatureSelected,Signature selected,تم تحديد التوقيع,,,
editor.moveResize,Move / resize,تحريك / تغيير الحجم,,,
editor.deleteSignature,Delete signature,حذف التوقيع,,,
editor.fullPageWorkspace,Full-page text editing workspace,مساحة تحرير النص للصفحة كاملة,,,
editor.checkingOcr,Checking text recognition status…,جارٍ التحقق من حالة التعرف على النص…,,,
editor.step1,Step 1: Recognize text,الخطوة 1: التعرف على النص,,,
editor.step1Body,"To replace scanned words, select Recognize text. Tick / Cross and Add signature work without it. Recognition may use the OCR service.",لاستبدال الكلمات الممسوحة، اختر التعرف على النص. تعمل علامة صح / خطأ وإضافة توقيع بدونه. قد يستخدم التعرف خدمة OCR.,,,
editor.recognizeText,Recognize text,التعرف على النص,,,
editor.ocrToday,OCR today,OCR اليوم,,,
editor.recognitionFailed,Text recognition failed,فشل التعرف على النص,,,
editor.tryAgainBefore,Try again before selecting words on this page.,حاول مرة أخرى قبل تحديد الكلمات في هذه الصفحة.,,,
editor.retryRecognition,Retry recognition,إعادة محاولة التعرف,,,
editor.recognizing,Recognizing text…,جارٍ التعرف على النص…,,,
editor.pleaseWait,Please wait. This page will become selectable when recognition finishes.,يرجى الانتظار. ستصبح هذه الصفحة قابلة للتحديد عند انتهاء التعرف.,,,
editor.step2,Step 2: Select words,الخطوة 2: حدد الكلمات,,,
editor.step2Body,"Drag across words on the large image, then choose Replace or Delete. Use the zoom controls for smaller print.",اسحب عبر الكلمات على الصورة الكبيرة ثم اختر استبدال أو حذف. استخدم عناصر التكبير للطباعة الصغيرة.,,,
editor.imageZoomControls,Image zoom controls,عناصر تكبير الصورة,,,
editor.zoomOut,− Zoom out,− تصغير,,,
editor.zoomIn,+ Zoom in,+ تكبير,,,
editor.panHint,Drag the page to move around. Hold Space and drag to pan from selectable text.,اسحب الصفحة للتنقل. اضغط مع الاستمرار على المسافة واسحب للتحريك من النص القابل للتحديد.,,,
editor.fullPagePreviewAlt,Full page preview for selecting text,معاينة الصفحة كاملة لتحديد النص,,,
editor.addYourSignature,Add your signature,أضف توقيعك,,,
editor.errOpenPage,Could not open this page for text editing. Try again.,تعذر فتح هذه الصفحة لتحرير النص. حاول مرة أخرى.,,,
editor.errOcrStart,Text recognition could not start. Try again.,تعذر بدء التعرف على النص. حاول مرة أخرى.,,,
editor.confirmDiscardPage,Discard your unsaved page changes?,هل تريد تجاهل تغييرات الصفحة غير المحفوظة؟,,,
editor.confirmDiscardText,Discard your unapplied text changes?,هل تريد تجاهل تغييرات النص غير المطبقة؟,,,
editor.sigDragPlace,"Drag to place your signature, then Save.",اسحب لوضع توقيعك ثم احفظ.,,,
editor.errSigOpen,Could not open this signature. Choose another image.,تعذر فتح هذا التوقيع. اختر صورة أخرى.,,,
editor.confirmDiscardSigPlacement,Discard your unsaved signature placement?,هل تريد تجاهل موضع التوقيع غير المحفوظ؟,,,
editor.sigDragMove,Drag to move; use the corner handles to resize. Save when ready.,اسحب للتحريك؛ استخدم مقابض الزوايا لتغيير الحجم. احفظ عند الانتهاء.,,,
editor.sigSaved,Signature saved. Export a new PDF to include it.,تم حفظ التوقيع. صدّر ملف PDF جديدًا لتضمينه.,,,
editor.errSigChanged,"This signature changed elsewhere. Your draft is still here. Reload saved signatures, then review and Save again.",تم تغيير هذا التوقيع في مكان آخر. مسودتك لا تزال هنا. أعد تحميل التوقيعات المحفوظة ثم راجع واحفظ مرة أخرى.,,,
editor.errSigSave,Signature could not be saved. Your draft is still here. Try Save again.,تعذر حفظ التوقيع. مسودتك لا تزال هنا. حاول الحفظ مرة أخرى.,,,
editor.confirmDeleteSig,Delete this signature from this page?,هل تريد حذف هذا التوقيع من هذه الصفحة؟,,,
editor.sigDeleted,Signature deleted. Your original scan is unchanged.,تم حذف التوقيع. مسحك الأصلي لم يتغير.,,,
editor.errSigDelete,Could not delete the signature. Reload saved signatures and try again.,تعذر حذف التوقيع. أعد تحميل التوقيعات المحفوظة وحاول مرة أخرى.,,,
editor.errSigDeletedElsewhere,This saved signature was deleted elsewhere. Cancel this placement to continue.,تم حذف هذا التوقيع المحفوظ في مكان آخر. ألغِ هذا الوضع للمتابعة.,,,
editor.errSigLoad,Could not load saved signatures. Try Reload saved signatures.,تعذر تحميل التوقيعات المحفوظة. جرّب إعادة تحميل التوقيعات المحفوظة.,,,
editor.markDragPosition,"Drag to position your mark, adjust color or size, then Save.",اسحب لوضع علامتك، اضبط اللون أو الحجم ثم احفظ.,,,
editor.errMarkFit,This mark cannot fit at that position.,لا تتسع هذه العلامة في ذلك الموضع.,,,
editor.confirmDiscardMark,Discard your unsaved mark changes?,هل تريد تجاهل تغييرات العلامة غير المحفوظة؟,,,
editor.markDragMove,"Drag to move, use the corner handles to resize, then Save.",اسحب للتحريك، استخدم مقابض الزوايا لتغيير الحجم ثم احفظ.,,,
editor.markDuplicateReady,"Duplicate ready. Drag it to another position, then Save. The original stays in place.",النسخة جاهزة. اسحبها إلى موضع آخر ثم احفظ. تبقى الأصلية في مكانها.,,,
editor.errMarkTooLarge,The mark is too large for this page.,العلامة كبيرة جدًا لهذه الصفحة.,,,
editor.errMarkRemoved,"This mark was removed elsewhere. Cancel this draft, then place a new mark.",تمت إزالة هذه العلامة في مكان آخر. ألغِ هذه المسودة ثم ضع علامة جديدة.,,,
editor.errMarkReloadFirst,Reload saved marks before trying Save again. Your draft is safe.,أعد تحميل العلامات المحفوظة قبل محاولة الحفظ مرة أخرى. مسودتك آمنة.,,,
editor.confirmOverwriteMark,This mark changed elsewhere. Save your draft over its current version?,تم تغيير هذه العلامة في مكان آخر. هل تريد حفظ مسودتك فوق النسخة الحالية؟,,,
editor.errMarkChangedReview,This mark changed elsewhere. Review your draft; Save will ask before replacing the current version.,تم تغيير هذه العلامة في مكان آخر. راجع مسودتك؛ سيسألك الحفظ قبل استبدال النسخة الحالية.,,,
editor.markSaved,Mark saved. Export a new PDF to include it.,تم حفظ العلامة. صدّر ملف PDF جديدًا لتضمينها.,,,
editor.errMarkChangedSafe,This mark changed elsewhere. Your draft is safe. Reload saved marks and review it.,تم تغيير هذه العلامة في مكان آخر. مسودتك آمنة. أعد تحميل العلامات المحفوظة وراجعها.,,,
editor.errMarkSave,Mark could not be saved. Your draft is still here. Try Save again.,تعذر حفظ العلامة. مسودتك لا تزال هنا. حاول الحفظ مرة أخرى.,,,
editor.markRemoved,Mark removed. Your original scan is unchanged.,تمت إزالة العلامة. مسحك الأصلي لم يتغير.,,,
editor.errMarkRemove,Could not remove the mark. Reload saved marks and try again.,تعذرت إزالة العلامة. أعد تحميل العلامات المحفوظة وحاول مرة أخرى.,,,
editor.errMarkLoad,Could not load saved marks. Try Reload saved marks.,تعذر تحميل العلامات المحفوظة. جرّب إعادة تحميل العلامات المحفوظة.,,,
editor.markUndone,Mark change undone.,تم التراجع عن تغيير العلامة.,,,
editor.markRestored,Mark change restored.,تمت استعادة تغيير العلامة.,,,
editor.errMarkStale,This page changed elsewhere. Saved marks were reloaded; old Undo history was cleared.,تم تغيير هذه الصفحة في مكان آخر. أُعيد تحميل العلامات المحفوظة ومُسح سجل التراجع القديم.,,,
editor.errMarkChange,Could not change this mark. Your Undo history is unchanged. Try again.,تعذر تغيير هذه العلامة. سجل التراجع لم يتغير. حاول مرة أخرى.,,,
editor.errOcrCheck,Could not check text recognition. Try again.,تعذر التحقق من التعرف على النص. حاول مرة أخرى.,,,
editor.printedTextEditor,Printed text editor,محرر النص المطبوع,,,
editor.addTextTitle,Add text,إضافة نص,,,
editor.deleteSelectedText,Delete selected text,حذف النص المحدد,,,
editor.replaceSelectedText,Replace selected text,استبدال النص المحدد,,,
editor.closeEditor,Close editor,إغلاق المحرر,,,
editor.captionExact,Exact rendered result — review before saving,النتيجة المعروضة بدقة — راجعها قبل الحفظ,,,
editor.captionAdd,Transparent text guide — drag or resize it on the page,دليل النص الشفاف — اسحبه أو غيّر حجمه على الصفحة,,,
editor.captionReplace,Transparent placement guide — old ink remains visible until you preview the exact result,دليل الموضع الشفاف — يبقى الحبر القديم مرئيًا حتى تعاين النتيجة الدقيقة,,,
editor.previewZoomControls,Preview zoom controls,عناصر تكبير المعاينة,,,
editor.adjustTextOrBox,Adjust text or box,اضبط النص أو المربع,,,
editor.panHintBox,Drag the page to move around. Drag the text box to reposition it; hold Space and drag to move the page from the box.,اسحب الصفحة للتنقل. اسحب مربع النص لإعادة تموضعه؛ اضغط مع الاستمرار على المسافة واسحب لتحريك الصفحة من المربع.,,,
editor.scannedPreviewAlt,Scanned page preview,معاينة الصفحة الممسوحة,,,
editor.original,Original:,الأصل:,,,
editor.newText,New text,نص جديد,,,
editor.replacementText,Replacement text,نص الاستبدال,,,
editor.noFont,No installed font can write these characters yet. Remove them or contact support.,لا يوجد خط مثبت يمكنه كتابة هذه الأحرف بعد. أزلها أو تواصل مع الدعم.,,,
editor.needsSpace,This text may need more space. Apply will check the exact fit before changing your page.,قد يحتاج هذا النص إلى مساحة أكبر. سيتحقق التطبيق من الملاءمة الدقيقة قبل تغيير صفحتك.,,,
editor.searchFonts,Search fonts,ابحث في الخطوط,,,
editor.searchFontFamilies,Search font families,ابحث في عائلات الخطوط,,,
editor.font,Font,الخط,,,
editor.sansSerif,Sans-serif,بدون زخارف,,,
editor.monospace,Monospace,أحادي المسافة,,,
editor.sizePx,Size (px),الحجم (px),,,
editor.sizeInPixels,Size in pixels,الحجم بالبكسل,,,
editor.weight,Weight,السماكة,,,
editor.bold,Bold,عريض,,,
editor.regular,Regular,عادي,,,
editor.colour,Colour,اللون,,,
editor.textColour,Text colour,لون النص,,,
editor.letterSpacing,Letter spacing,تباعد الأحرف,,,
editor.alignment,Alignment,المحاذاة,,,
editor.left,Left,يسار,,,
editor.centre,Centre,وسط,,,
editor.right,Right,يمين,,,
editor.rendering,Rendering…,جارٍ العرض…,,,
editor.previewExact,Preview exact result,معاينة النتيجة الدقيقة,,,
editor.deleteText,Delete text,حذف النص,,,
editor.applyChange,Apply change,تطبيق التغيير,,,
editor.preparing,Preparing style and geometry…,جارٍ تجهيز النمط والهندسة…,,,
editor.switchedFont,Switched to {font} so these characters can be written.,تم التبديل إلى {font} حتى يمكن كتابة هذه الأحرف.,,,
editor.loadingProposal,Loading style proposal…,جارٍ تحميل اقتراح النمط…,,,
editor.fontCatalogueUnavailable,Font catalogue unavailable. Recommended fonts remain available.,فهرس الخطوط غير متاح. تبقى الخطوط الموصى بها متاحة.,,,
editor.addStatus,"Enter text, drag the transparent box, then preview the exact result.",أدخل النص واسحب المربع الشفاف ثم عاين النتيجة الدقيقة.,,,
editor.signInAdd,Sign in to add text on this page.,سجّل الدخول لإضافة نص في هذه الصفحة.,,,
editor.errStartAdd,Could not start adding text. Please try again.,تعذر بدء إضافة النص. يرجى المحاولة مرة أخرى.,,,
editor.noSupportedFont,No supported font is available for this selection.,لا يوجد خط مدعوم لهذا التحديد.,,,
editor.editStatus,"Edit the text, then select Preview exact result to check it.",حرّر النص ثم اختر معاينة النتيجة الدقيقة للتحقق منه.,,,
editor.lowConfidence,Low confidence font match. Review the alternatives.,تطابق الخط منخفض الثقة. راجع البدائل.,,,
editor.errDisabled,Text editing is disabled on this server. An administrator must enable it before edits can be applied.,تحرير النص معطّل على هذا الخادم. يجب على المسؤول تمكينه قبل تطبيق التعديلات.,,,
editor.signInEdit,Sign in to edit text on this page.,سجّل الدخول لتحرير النص في هذه الصفحة.,,,
editor.pageChanged,This page changed. Close the editor and select the words again.,تغيرت هذه الصفحة. أغلق المحرر وحدد الكلمات مرة أخرى.,,,
editor.errSelection422,This text selection cannot be edited. Select printed words and try again.,لا يمكن تحرير هذا التحديد. حدد كلمات مطبوعة وحاول مرة أخرى.,,,
editor.errLoadEditor,Could not load the text editor. Please try again.,تعذر تحميل محرر النص. يرجى المحاولة مرة أخرى.,,,
editor.fontPreviewUnavailable,Font preview unavailable; the server font remains selectable.,معاينة الخط غير متاحة؛ يظل خط الخادم قابلاً للاختيار.,,,
editor.adjustStatus,"Adjust the text or placement box, then preview the result again.",اضبط النص أو مربع الموضع ثم عاين النتيجة مرة أخرى.,,,
editor.renderingExact,Rendering an exact preview. Your page is unchanged…,جارٍ عرض معاينة دقيقة. صفحتك لم تتغير…,,,
editor.draftChanged,The draft changed while rendering. Preview it again.,تغيرت المسودة أثناء العرض. عاينها مرة أخرى.,,,
editor.reviewExact,"Review the exact result, then select Apply change to save it.",راجع النتيجة الدقيقة ثم اختر تطبيق التغيير لحفظها.,,,
editor.errFontUnsupportedPreview,This font cannot write some of these characters. Choose a font for this language.,لا يمكن لهذا الخط كتابة بعض هذه الأحرف. اختر خطًا لهذه اللغة.,,,
editor.errUnsafeBgSelect,We could not clear the original ink without risking other page content. Select different words. Your page is unchanged.,لم نتمكن من مسح الحبر الأصلي دون المخاطرة بمحتوى الصفحة الآخر. حدد كلمات مختلفة. صفحتك لم تتغير.,,,
editor.errOverlapPreview,"The new letters would cover nearby text. Move or resize the transparent placement box, or use a smaller font.",ستغطي الأحرف الجديدة النص المجاور. حرّك مربع الموضع الشفاف أو غيّر حجمه، أو استخدم خطًا أصغر.,,,
editor.errOverflowPreview,The replacement does not fit. Use a smaller font or widen the placement box.,لا يتسع الاستبدال. استخدم خطًا أصغر أو وسّع مربع الموضع.,,,
editor.errPreviewFailed,The preview could not be rendered. Your page is unchanged.,تعذر عرض المعاينة. صفحتك لم تتغير.,,,
editor.checkingFit,Checking text fit…,جارٍ التحقق من ملاءمة النص…,,,
editor.renderingChange,Rendering your change…,جارٍ عرض تغييرك…,,,
editor.errOverflowApply,"The text does not fit the replacement box, even after automatic fitting. Use a smaller font or widen the box. Your page is unchanged.",لا يتسع النص في مربع الاستبدال حتى بعد الملاءمة التلقائية. استخدم خطًا أصغر أو وسّع المربع. صفحتك لم تتغير.,,,
editor.errSelectionInvalid,The selected OCR words cannot be edited safely. Select the words again. Your page is unchanged.,لا يمكن تحرير كلمات OCR المحددة بأمان. حدد الكلمات مرة أخرى. صفحتك لم تتغير.,,,
editor.errApply,We could not apply this change. Review the box and try again.,تعذر تطبيق هذا التغيير. راجع المربع وحاول مرة أخرى.,,,
editor.changeApplied,Change applied. Refreshing page…,تم تطبيق التغيير. جارٍ تحديث الصفحة…,,,
editor.errOverflowFail,The text does not fit the replacement box. Use a smaller font or widen the box. The previous page is unchanged.,لا يتسع النص في مربع الاستبدال. استخدم خطًا أصغر أو وسّع المربع. الصفحة السابقة لم تتغير.,,,
editor.errUnsafeBgFail,We could not clear the original ink without risking other page content. Try a different word selection. The previous page is unchanged.,لم نتمكن من مسح الحبر الأصلي دون المخاطرة بمحتوى الصفحة الآخر. جرّب تحديد كلمات مختلفة. الصفحة السابقة لم تتغير.,,,
editor.errOverlapFail,"The new letters would cover nearby text. Move or resize the transparent placement box, or use a smaller font. The previous page is unchanged.",ستغطي الأحرف الجديدة النص المجاور. حرّك مربع الموضع الشفاف أو غيّر حجمه، أو استخدم خطًا أصغر. الصفحة السابقة لم تتغير.,,,
editor.errFontUnsupportedFail,This font cannot write some of these characters. Choose a font for this language and try again. The previous page is unchanged.,لا يمكن لهذا الخط كتابة بعض هذه الأحرف. اختر خطًا لهذه اللغة وحاول مرة أخرى. الصفحة السابقة لم تتغير.,,,
editor.errFontUnavailable,This font is unavailable for rendering. Choose another font and try again. The previous page is unchanged.,هذا الخط غير متاح للعرض. اختر خطًا آخر وحاول مرة أخرى. الصفحة السابقة لم تتغير.,,,
editor.errRenderFailed,Rendering failed. The previous page is unchanged.,فشل العرض. الصفحة السابقة لم تتغير.,,,
editor.sigIntro,Upload an image or draw below. Nothing is saved until you place it on the page.,ارفع صورة أو ارسم أدناه. لن يُحفظ شيء حتى تضعه على الصفحة.,,,
editor.createSignature,Create your signature,أنشئ توقيعك,,,
editor.closeSigCreator,Close signature creator,إغلاق منشئ التوقيع,,,
editor.sigInputMethod,Signature input method,طريقة إدخال التوقيع,,,
editor.uploadImage,Upload image,رفع صورة,,,
editor.drawSignature,Draw signature,ارسم التوقيع,,,
editor.chooseFile,Choose PNG or JPEG · up to 5 MB,اختر PNG أو JPEG · حتى 5 ميغابايت,,,
editor.original2,Original,الأصل,,,
editor.originalSigAlt,Original signature image,صورة التوقيع الأصلية,,,
editor.transparentPreview,Transparent preview,معاينة شفافة,,,
editor.sigNoBgAlt,Signature after background removal,التوقيع بعد إزالة الخلفية,,,
editor.bgRemoval,Background removal,إزالة الخلفية,,,
editor.keepOriginalBg,Keep original background,الاحتفاظ بالخلفية الأصلية,,,
editor.sigHint,"If light pen strokes disappear, reduce the strength or keep the original. Best with ink on light paper.",إذا اختفت ضربات القلم الفاتحة، فقلل القوة أو احتفظ بالأصل. الأفضل الحبر على ورق فاتح.,,,
editor.drawHint,"Draw with your mouse, pen or finger. The background stays transparent.",ارسم بالماوس أو القلم أو إصبعك. تبقى الخلفية شفافة.,,,
editor.drawingArea,Signature drawing area,منطقة رسم التوقيع,,,
editor.undoStroke,Undo stroke,تراجع عن الخط,,,
editor.clear,Clear,مسح,,,
editor.preparingPreview,Preparing preview…,جارٍ تجهيز المعاينة…,,,
editor.visualOnly,Visual signature only — not a certified electronic signature.,توقيع مرئي فقط — وليس توقيعًا إلكترونيًا معتمدًا.,,,
editor.useSignature,Use signature →,استخدم التوقيع ←,,,
editor.errChooseImage,Choose a PNG or JPEG image smaller than 5 MB.,اختر صورة PNG أو JPEG أصغر من 5 ميغابايت.,,,
editor.errPrepareSig,Could not prepare signature.,تعذر تجهيز التوقيع.,,,
editor.errPrepareDrawing,Could not prepare the drawing. Please try again.,تعذر تجهيز الرسم. يرجى المحاولة مرة أخرى.,,,
editor.markControls,Check and cross mark controls,عناصر تحكم علامات الصح والخطأ,,,
editor.tickCrossTitle,Tick / Cross,علامة صح / خطأ,,,
editor.markHeadingDesc,Place a transparent mark without text recognition.,ضع علامة شفافة دون التعرف على النص.,,,
editor.clickCheckbox,Click a checkbox on the page to place your mark. You can zoom first.,انقر على مربع اختيار في الصفحة لوضع علامتك. يمكنك التكبير أولاً.,,,
editor.mark,Mark,العلامة,,,
editor.tick,✓ Tick,✓ صح,,,
editor.cross,× Cross,× خطأ,,,
editor.quickColors,Quick mark colors,ألوان العلامة السريعة,,,
editor.markSwatch,{color} mark,علامة {color},,,
editor.colorBlack,Black,أسود,,,
editor.colorBlue,Blue,أزرق,,,
editor.colorRed,Red,أحمر,,,
editor.colorGreen,Green,أخضر,,,
editor.customColor,Custom color,لون مخصص,,,
editor.sizeLabel,Size {value}%,الحجم {value}%,,,
editor.thickness,Thickness {value}%,السماكة {value}%,,,
editor.saveMark,Save mark,حفظ العلامة,,,
editor.moveStyle,Move / style,تحريك / نمط,,,
editor.duplicateMark,Duplicate mark,تكرار العلامة,,,
editor.deleteSelectedMark,Delete selected mark,حذف العلامة المحددة,,,
editor.undoMark,Undo mark,تراجع عن العلامة,,,
editor.redoMark,Redo mark,إعادة العلامة,,,
editor.ocrStatusLabel,Text recognition status,حالة التعرف على النص,,,
editor.textRecognition,Text recognition,التعرف على النص,,,
editor.makeSearchable,Make this page searchable and ready for future text editing.,اجعل هذه الصفحة قابلة للبحث وجاهزة لتحرير النص مستقبلاً.,,,
editor.starting,Starting…,جارٍ البدء…,,,
editor.waitingOcr,Waiting for text recognition…,في انتظار التعرف على النص…,,,
editor.recognizingPrintedHandwritten,Recognizing printed and handwritten text…,جارٍ التعرف على النص المطبوع والمكتوب بخط اليد…,,,
editor.elementsRecognized,{count} text elements recognized,تم التعرف على {count} عنصر نصي,,,
editor.confidencePct,{percent}% confidence,الثقة {percent}%,,,
editor.completedAt,Completed {date},اكتمل {date},,,
editor.ocrNotFinished,Text recognition did not finish. Your scan is unchanged.,لم يكتمل التعرف على النص. مسحك لم يتغير.,,,
editor.retrying,Retrying…,جارٍ إعادة المحاولة…,,,
editor.retryOcr,Retry text recognition,إعادة محاولة التعرف على النص,,,
editor.checkingOcrShort,Checking text recognition…,جارٍ التحقق من التعرف على النص…,,,
editor.errOcrUnavailable,Text recognition is not available right now. Please try again.,التعرف على النص غير متاح حاليًا. يرجى المحاولة مرة أخرى.,,,
editor.errOcrRefresh,We could not refresh text recognition. Please try again.,تعذر تحديث التعرف على النص. يرجى المحاولة مرة أخرى.,,,
editor.selectableText,Selectable recognized text,النص المتعرف عليه القابل للتحديد,,,
editor.selectionHelp,"Drag across recognized words to select them. Use arrow keys to move, Shift with an arrow key to extend the selection, Enter to select one word, and Escape to clear.",اسحب عبر الكلمات المتعرف عليها لتحديدها. استخدم مفاتيح الأسهم للتحرك، وShift مع السهم لتوسيع التحديد، وEnter لتحديد كلمة واحدة، وEscape للمسح.,,,
editor.oneWord,{count} word,{count} كلمة,,,
editor.manyWords,{count} words,{count} كلمات,,,
editor.typePrinted,Printed,مطبوع,,,
editor.typeHandwritten,Handwritten,بخط اليد,,,
editor.typeMixed,Mixed,مختلط,,,
editor.typeUnknown,Unknown,غير معروف,,,
editor.editSelectedText,Edit selected text,تحرير النص المحدد,,,
editor.handwritingUnavailable,Handwritten text editing is not available yet.,تحرير النص المكتوب بخط اليد غير متاح بعد.,,,
editor.noSelectableText,No selectable text detected,لم يتم اكتشاف نص قابل للتحديد,,,
editor.replacementBoxLabel,"Replacement preview box. Arrow keys move, Shift and arrow keys resize.",مربع معاينة الاستبدال. مفاتيح الأسهم للتحريك، وShift مع الأسهم لتغيير الحجم.,,,
editor.resizeHandle,Resize {handle},تغيير الحجم {handle},,,
editor.placementGuide,Placement guide,دليل الموضع,,,
editor.collision,Other text overlaps this transparent guide. Only actual new letters that cover other words will be blocked.,نص آخر يتداخل مع هذا الدليل الشفاف. سيتم منع الأحرف الجديدة الفعلية التي تغطي كلمات أخرى فقط.,,,
pages.look.Magic.label,Magic scan,المسح السحري,,,
pages.look.Original.label,Original,الأصلي,,,
pages.look.Document.label,Document,مستند,,,
pages.look.Bright.label,Bright,ساطع,,,
pages.look.RemoveShadows.label,No shadow,بلا ظل,,,
pages.look.Grayscale.label,Grayscale,تدرّج رمادي,,,
pages.look.BlackAndWhite.label,Black & white,أبيض وأسود,,,
pages.look.Magic.help,"Recommended. Flattens the page, turns paper white and ink crisp, clears desk edges and punch holes. Colourful cards keep their colours.",موصى به. يُسطّح الصفحة ويجعل الورق أبيض والحبر واضحًا، ويزيل حواف المكتب وثقوب التخريم. تحتفظ البطاقات الملوّنة بألوانها.,,,
pages.look.Original.help,The flattened photo with its own colours and lighting. Nothing is cleaned.,الصورة بعد التسطيح بألوانها وإضاءتها الأصلية. لا يتم تنظيف أي شيء.,,,
pages.look.Document.help,Gentle contrast and sharpening.,تباين وتوضيح خفيفان.,,,
pages.look.Bright.help,Lightens a dark photo while keeping its colours.,يُفتّح الصورة الداكنة مع الحفاظ على ألوانها.,,,
pages.look.RemoveShadows.help,Evens out uneven lighting while keeping ink colours and faint strokes.,يوازن الإضاءة غير المتساوية مع الحفاظ على ألوان الحبر والخطوط الباهتة.,,,
pages.look.Grayscale.help,Removes colour and keeps shades of grey.,يزيل الألوان ويحتفظ بدرجات الرمادي.,,,
pages.look.BlackAndWhite.help,Crisp black text on white. Faint handwriting may disappear.,نص أسود واضح على خلفية بيضاء. قد يختفي خط اليد الباهت.,,,
pages.look.retired.help,This page uses a look that is no longer offered. Choose one of the looks above to replace it.,تستخدم هذه الصفحة مظهرًا لم يعد متاحًا. اختر أحد المظاهر أعلاه لاستبداله.,,,
pages.crop.title,Make your scan look its best,اجعل مسحك يبدو بأفضل شكل,,,
pages.crop.backImport,Back to import,العودة إلى الاستيراد,,,
pages.crop.backDoc,Back to document,العودة إلى المستند,,,
pages.crop.currentPage,Current page,الصفحة الحالية,,,
pages.crop.currentThumb,Current page thumbnail,صورة مصغرة للصفحة الحالية,,,
pages.crop.allPages,All pages,كل الصفحات,,,
pages.crop.adjustFour,Adjust the four corners,اضبط الزوايا الأربع,,,
pages.crop.originalPhoto,Original photo,الصورة الأصلية,,,
pages.crop.yourScan,Your scan,مسحك الضوئي,,,
pages.crop.zoomOut,Zoom out,تصغير,,,
pages.crop.zoomIn,Zoom in,تكبير,,,
pages.crop.showResult,Show result,عرض النتيجة,,,
pages.crop.compare,Compare original,قارن بالأصل,,,
pages.crop.cornerAria,{corner} corner. Use arrow keys to adjust.,الزاوية {corner}. استخدم مفاتيح الأسهم للضبط.,,,
pages.crop.corner0,Top left,أعلى اليسار,,,
pages.crop.corner1,Top right,أعلى اليمين,,,
pages.crop.corner2,Bottom right,أسفل اليمين,,,
pages.crop.corner3,Bottom left,أسفل اليسار,,,
pages.crop.dragAlt,Drag the four corners onto the paper edges,اسحب الزوايا الأربع إلى حواف الورقة,,,
pages.crop.processedAlt,Processed scan,المسح الضوئي بعد المعالجة,,,
pages.crop.opening,Opening your page…,جارٍ فتح صفحتك…,,,
pages.crop.findingEdges,Finding paper edges…,جارٍ البحث عن حواف الورقة…,,,
pages.crop.updating,Updating your scan…,جارٍ تحديث مسحك الضوئي…,,,
pages.crop.chooseAnother,You can choose another look while this finishes.,يمكنك اختيار مظهر آخر أثناء الانتهاء.,,,
pages.crop.notSaved,Changes have not been saved.,لم يتم حفظ التغييرات.,,,
pages.crop.preparing,Preparing your changes…,جارٍ تجهيز تغييراتك…,,,
pages.crop.savedReady,Changes saved automatically · Ready to use,تُحفظ التغييرات تلقائيًا · جاهز للاستخدام,,,
pages.crop.controls,Enhancement controls,عناصر التحسين,,,
pages.crop.rotatePage,Rotate page,تدوير الصفحة,,,
pages.crop.rotateLeft,Rotate left,تدوير لليسار,,,
pages.crop.rotateRight,Rotate right,تدوير لليمين,,,
pages.crop.rotation,Rotation: {degrees}°,التدوير: {degrees}°,,,
pages.crop.closeCrop,Close crop,إغلاق القص,,,
pages.crop.adjustCrop,Adjust crop,ضبط القص,,,
pages.crop.placeCorner,Place each corner on the paper edge.,ضع كل زاوية على حافة الورقة.,,,
pages.crop.autoDetect,Auto detect,اكتشاف تلقائي,,,
pages.crop.fullPhoto,Full photo,الصورة كاملة,,,
pages.crop.applyCrop,Apply crop,تطبيق القص,,,
pages.crop.clockwise,Keep the four corners in clockwise order.,أبقِ الزوايا الأربع بترتيب عقارب الساعة.,,,
pages.crop.chooseLook,Choose a look,اختر مظهرًا,,,
pages.crop.retry,Retry changes,إعادة محاولة التغييرات,,,
pages.crop.reloadStatus,Reload status,إعادة تحميل الحالة,,,
pages.crop.reloadResult,Reload result,إعادة تحميل النتيجة,,,
pages.crop.originalKept,Your original photo is kept. You can change the look anytime.,تم الاحتفاظ بصورتك الأصلية. يمكنك تغيير المظهر في أي وقت.,,,
pages.crop.done,Done,تم,,,
pages.crop.filter.Magic.label,Magic scan,مسح سحري,,,
pages.crop.filter.Magic.desc,"Default for photos: flatten the page to its true proportions, turn paper white and ink crisp, and clear desk edges and punch holes. Colourful cards keep their colours.",الافتراضي للصور: تسوية الصفحة إلى أبعادها الحقيقية، وجعل الورق أبيض والحبر واضحًا، وإزالة حواف المكتب وثقوب التخريم. تحتفظ البطاقات الملونة بألوانها.,,,
pages.crop.filter.Original.label,Original,الأصلي,,,
pages.crop.filter.Original.desc,Keep the photo’s colors without enhancement.,الاحتفاظ بألوان الصورة دون تحسين.,,,
pages.crop.filter.Document.label,Document,مستند,,,
pages.crop.filter.Document.desc,Improve contrast and gently sharpen text.,تحسين التباين وزيادة وضوح النص بلطف.,,,
pages.crop.filter.Bright.label,Bright,ساطع,,,
pages.crop.filter.Bright.desc,Lighten a dark photo while keeping its colors.,تفتيح صورة داكنة مع الحفاظ على ألوانها.,,,
pages.crop.filter.RemoveShadows.label,Faithful scan,مسح أمين,,,
pages.crop.filter.RemoveShadows.desc,Reduce uneven lighting while retaining ink colors and faint strokes. No OCR rewriting or automatic erasing of marks.,تقليل التفاوت في الإضاءة مع الحفاظ على ألوان الحبر والخطوط الخفيفة. دون إعادة كتابة OCR أو محو العلامات تلقائيًا.,,,
pages.crop.filter.Grayscale.label,Grayscale,تدرج الرمادي,,,
pages.crop.filter.Grayscale.desc,Remove color and retain shades of gray.,إزالة اللون والإبقاء على درجات الرمادي.,,,
pages.crop.filter.BlackAndWhite.label,Black & White,أبيض وأسود,,,
pages.crop.filter.BlackAndWhite.desc,Create crisp black text on white. Faint handwriting may disappear.,إنشاء نص أسود واضح على خلفية بيضاء. قد يختفي الخط اليدوي الخفيف.,,,
pages.crop.err.unavailable,The crop editor is unavailable. Only accepted JPG and PNG photos can be adjusted.,محرر القص غير متاح. يمكن ضبط صور JPG وPNG المقبولة فقط.,,,
pages.crop.err.failed,"The crop could not be processed. Adjust the corners and apply again, or retry Auto detect.",تعذرت معالجة القص. اضبط الزوايا وطبّق مجددًا، أو أعد محاولة الاكتشاف التلقائي.,,,
pages.crop.err.status,Could not read the crop status. Reload and try again.,تعذرت قراءة حالة القص. أعد التحميل وحاول مجددًا.,,,
pages.crop.err.conflict,This crop was changed in another session. Reload before applying your changes.,تم تغيير هذا القص في جلسة أخرى. أعد التحميل قبل تطبيق تغييراتك.,,,
pages.crop.err.save,Could not save this crop. Check the corners and try again.,تعذر حفظ هذا القص. تحقق من الزوايا وحاول مجددًا.,,,
pages.crop.err.preview,"Your scan was saved, but its preview could not load. Reload the result.",تم حفظ مسحك، لكن تعذر تحميل المعاينة. أعد تحميل النتيجة.,,,
pages.clean.cancel,← Cancel cleanup,← إلغاء التنظيف,,,
pages.clean.title,Clean page,تنظيف الصفحة,,,
pages.clean.viewControls,Page view controls,عناصر التحكم في عرض الصفحة,,,
pages.clean.zoomOut,− Zoom out,− تصغير,,,
pages.clean.zoom,Zoom {percent}%,التكبير {percent}%,,,
pages.clean.zoomIn,+ Zoom in,+ تكبير,,,
pages.clean.panOn,Pan page on,التحريك مفعّل,,,
pages.clean.pan,Pan page,تحريك الصفحة,,,
pages.clean.tools,Cleanup tools,أدوات التنظيف,,,
pages.clean.rectangle,Rectangle,مستطيل,,,
pages.clean.brush,Brush,فرشاة,,,
pages.clean.erase,Erase selection,مسح التحديد,,,
pages.clean.brushSize,Brush size,حجم الفرشاة,,,
pages.clean.fine,Fine,رفيع,,,
pages.clean.medium,Medium,متوسط,,,
pages.clean.wide,Wide,عريض,,,
pages.clean.finding,Finding holes…,جارٍ البحث عن الثقوب…,,,
pages.clean.findHoles,Find punch holes,البحث عن ثقوب التخريم,,,
pages.clean.original,Original,الأصلي,,,
pages.clean.originalAlt,Original page for cleanup,الصفحة الأصلية للتنظيف,,,
pages.clean.previewNotApplied,Preview — not yet applied,معاينة — لم تُطبَّق بعد,,,
pages.clean.previewAlt,Cleanup preview,معاينة التنظيف,,,
pages.clean.selected,Selected areas,المناطق المحددة,,,
pages.clean.undo,Undo selection,تراجع عن التحديد,,,
pages.clean.clearAll,Clear all,مسح الكل,,,
pages.clean.removeArea,Remove area {n},إزالة المنطقة {n},,,
pages.clean.removeStroke,Remove brush stroke {n},إزالة ضربة الفرشاة {n},,,
pages.clean.previewCleanup,Preview cleanup,معاينة التنظيف,,,
pages.clean.discard,Discard preview,تجاهل المعاينة,,,
pages.clean.apply,Apply to page,تطبيق على الصفحة,,,
pages.clean.loading,Loading page…,جارٍ تحميل الصفحة…,,,
pages.clean.notice.initial,Drag a small rectangle around a hole or unwanted mark. Review before applying.,اسحب مستطيلًا صغيرًا حول ثقب أو علامة غير مرغوبة. راجع قبل التطبيق.,,,
pages.clean.err.open,Could not open this page for cleanup. Reload and try again.,تعذر فتح هذه الصفحة للتنظيف. أعد التحميل وحاول مجددًا.,,,
pages.clean.err.limit,Limit reached: remove an area before adding another.,تم بلوغ الحد: أزل منطقة قبل إضافة أخرى.,,,
pages.clean.err.small,"Choose a small area, no more than 3% of the page.",اختر منطقة صغيرة لا تتجاوز 3% من الصفحة.,,,
pages.clean.notice.looking,Looking for possible punch holes. Suggestions will not change the page.,جارٍ البحث عن ثقوب تخريم محتملة. لن تغيّر الاقتراحات الصفحة.,,,
pages.clean.err.detect,Could not detect holes. You can still draw small areas manually.,تعذر اكتشاف الثقوب. ما زال بإمكانك رسم مناطق صغيرة يدويًا.,,,
pages.clean.err.holesFailed,Hole detection failed. Draw areas manually.,فشل اكتشاف الثقوب. ارسم المناطق يدويًا.,,,
pages.clean.notice.found,Found {count} possible holes. Remove any incorrect areas before previewing.,تم العثور على {count} ثقوب محتملة. أزل أي مناطق غير صحيحة قبل المعاينة.,,,
pages.clean.notice.none,No confident holes found. You can draw small areas manually.,لم يتم العثور على ثقوب مؤكدة. يمكنك رسم مناطق صغيرة يدويًا.,,,
pages.clean.err.suggestions,Could not load suggestions. Draw areas manually.,تعذر تحميل الاقتراحات. ارسم المناطق يدويًا.,,,
pages.clean.err.cover,Selected areas cover more than 5% of the page. Remove or shrink some areas.,تغطي المناطق المحددة أكثر من 5% من الصفحة. أزل بعض المناطق أو صغّرها.,,,
pages.clean.notice.preparing,Preparing a private preview. Your page has not changed.,جارٍ تجهيز معاينة خاصة. لم تتغير صفحتك.,,,
pages.clean.err.prepare,Could not prepare cleanup. Reload the page and try again.,تعذر تجهيز التنظيف. أعد تحميل الصفحة وحاول مجددًا.,,,
pages.clean.err.previewFailed,Cleanup preview failed. Adjust the area and try again.,فشلت معاينة التنظيف. اضبط المنطقة وحاول مجددًا.,,,
pages.clean.notice.compare,Compare the preview with the original. Apply only if all text and lines are intact.,قارن المعاينة بالأصل. طبّق فقط إذا كان كل النص والخطوط سليمة.,,,
pages.clean.err.loadPreview,Could not load the preview. Try again.,تعذر تحميل المعاينة. حاول مجددًا.,,,
pages.clean.err.apply,Page changed or could not be saved. The original page is unchanged.,تغيّرت الصفحة أو تعذر حفظها. الصفحة الأصلية لم تتغير.,,,
pages.import.title,Import pages,استيراد الصفحات,,,
pages.import.close,Close,إغلاق,,,
pages.import.fileOne,file,ملف,,,
pages.import.fileMany,files,ملفات,,,
pages.import.failed,{count} {files} could not be imported{names}.,تعذر استيراد {count} {files}{names}.,,,
pages.import.skipped,Page {n} was not changed: {reason},لم تتغير الصفحة {n}: {reason},,,
pages.import.skipTextEdits,it has text edits. Undo them in Edit first.,تحتوي على تعديلات نصية. تراجع عنها أولًا في التحرير.,,,
pages.import.skipUnsupported,this page can’t be adjusted here.,لا يمكن ضبط هذه الصفحة هنا.,,,
pages.import.tryAgain,Try again,حاول مجددًا,,,
pages.import.pages,Pages,الصفحات,,,
pages.import.pageAria,"Page {n}, {chip}",الصفحة {n}، {chip},,,
pages.import.chip.Ready,Ready,جاهز,,,
pages.import.chip.Finding,Finding edges…,جارٍ البحث عن الحواف…,,,
pages.import.chip.Applying,Applying look…,جارٍ تطبيق المظهر…,,,
pages.import.chip.Check,Check corners,تحقق من الزوايا,,,
pages.import.chip.Failed,Could not import,تعذر الاستيراد,,,
pages.import.chip.Deferred,Look will apply when ready,سيُطبَّق المظهر عند الجاهزية,,,
pages.import.railEmpty,Pages appear here as they are prepared.,تظهر الصفحات هنا عند تجهيزها.,,,
pages.import.loading,Loading…,جارٍ التحميل…,,,
pages.import.addPhotos,Add photos or PDF,إضافة صور أو PDF,,,
pages.import.zoomOut,Zoom out,تصغير,,,
pages.import.zoomIn,Zoom in,تكبير,,,
pages.import.showingOriginal,Showing original photo,عرض الصورة الأصلية,,,
pages.import.compareOriginal,Compare with original,قارن بالأصل,,,
pages.import.originalAlt,Original photo of the selected page,الصورة الأصلية للصفحة المحددة,,,
pages.import.previewAlt,Preview of the selected page,معاينة الصفحة المحددة,,,
pages.import.loadingPreview,Loading preview…,جارٍ تحميل المعاينة…,,,
pages.import.preparingPages,Preparing your pages…,جارٍ تجهيز صفحاتك…,,,
pages.import.openingPages,Opening your pages…,جارٍ فتح صفحاتك…,,,
pages.import.pageSettings,Page settings,إعدادات الصفحة,,,
pages.import.thisPage,This page,هذه الصفحة,,,
pages.import.rotateLeft,Rotate left,تدوير لليسار,,,
pages.import.rotateRight,Rotate right,تدوير لليمين,,,
pages.import.adjustCorners,Adjust corners,ضبط الزوايا,,,
pages.import.cantRotate,This page can’t be rotated or re-cropped here.,لا يمكن تدوير هذه الصفحة أو إعادة قصها هنا.,,,
pages.import.look,Look,المظهر,,,
pages.import.applyAll,Apply this look to all pages,تطبيق هذا المظهر على كل الصفحات,,,
pages.import.footerNote,Your original photos are always kept. You can change the look later in Edit.,يتم دائمًا الاحتفاظ بصورك الأصلية. يمكنك تغيير المظهر لاحقًا في التحرير.,,,
pages.import.uploadOriginals,Upload originals without changes,رفع الأصول دون تغييرات,,,
pages.import.applying,Applying your changes…,جارٍ تطبيق تغييراتك…,,,
pages.import.confirm,Confirm,تأكيد,,,
pages.import.sum.page,page,صفحة,,,
pages.import.sum.pageMany,pages,صفحات,,,
pages.import.sum.count,{count} {pages},{count} {pages},,,
pages.import.sum.none,No pages to review.,لا توجد صفحات للمراجعة.,,,
pages.import.sum.applyingLooks,applying looks…,جارٍ تطبيق المظاهر…,,,
pages.import.sum.findingEdges,finding edges…,جارٍ البحث عن الحواف…,,,
pages.import.sum.needs1,{count} page needs a quick check,{count} صفحة تحتاج إلى فحص سريع,,,
pages.import.sum.needsN,{count} pages need a quick check,{count} صفحات تحتاج إلى فحص سريع,,,
pages.import.proc.finding,Finding the page edges…,جارٍ البحث عن حواف الصفحة…,,,
pages.import.proc.preparing,Preparing your page…,جارٍ تجهيز صفحتك…,,,
pages.import.proc.applying,Applying {what}…,جارٍ تطبيق {what}…,,,
pages.import.proc.changes,your changes,تغييراتك,,,
pages.import.err.original,Could not load the original photo. Please try again.,تعذر تحميل الصورة الأصلية. يرجى المحاولة مجددًا.,,,
pages.import.confirmLeave,Some changes are waiting for pages that are still being prepared. Leave without applying them?,بعض التغييرات تنتظر صفحات لا تزال قيد التجهيز. المغادرة دون تطبيقها؟,,,
pages.import.err.loadPages,Could not load your pages. Retrying…,تعذر تحميل صفحاتك. جارٍ إعادة المحاولة…,,,
pages.import.err.update,Some pages could not be updated. Please try again.,تعذر تحديث بعض الصفحات. يرجى المحاولة مجددًا.,,,
pages.card.preview,Preview pending,المعاينة قيد الانتظار,,,
pages.card.drag,Drag to reorder,اسحب لإعادة الترتيب,,,
pages.card.dragAria,Drag page to reorder,اسحب الصفحة لإعادة ترتيبها,,,
pages.card.page,Page {n},الصفحة {n},,,
pages.card.pageAria,"Page {n}, {state}",الصفحة {n}، {state},,,
pages.card.thumb,Thumbnail of page {n},صورة مصغرة للصفحة {n},,,
pages.card.filter,Filter: {name},المرشح: {name},,,
pages.card.crop,Crop & filters,القص والمرشحات,,,
pages.card.clean,Clean page,تنظيف الصفحة,,,
pages.card.editText,✎ Edit text,✎ تحرير النص,,,
pages.card.original,Original,الأصلي,,,
pages.card.orderControls,Page order controls,عناصر ترتيب الصفحات,,,
pages.card.moveEarlier,Move page {n} earlier,نقل الصفحة {n} للأمام,,,
pages.card.moveLater,Move page {n} later,نقل الصفحة {n} للخلف,,,
pages.card.earlier,← Earlier,← أبكر,,,
pages.card.later,Later →,أبعد →,,,
pages.card.remove,Remove page,إزالة الصفحة,,,
pages.state.Ready,Ready,جاهز,,,
pages.state.Processing,Processing,قيد المعالجة,,,
pages.state.Importing,Importing,قيد الاستيراد,,,
pages.state.Failed,Failed,فشل,,,
pages.state.Queued,Queued,في الانتظار,,,
pages.state.Pending,Pending,قيد الانتظار,,,
pages.state.Accepted,Accepted,مقبول,,,
pages.state.Rejected,Rejected,مرفوض,,,
pages.state.Detecting,Detecting,قيد الاكتشاف,,,
pages.add.eyebrow,Add to document,إضافة إلى المستند,,,
pages.add.title,Add pages,إضافة صفحات,,,
pages.add.close,Close add pages,إغلاق إضافة الصفحات,,,
pages.add.choose,Choose photos or PDFs,اختر صورًا أو ملفات PDF,,,
pages.add.more,Select more than one file if needed.,اختر أكثر من ملف إذا لزم الأمر.,,,
pages.add.selected,{count} {files} selected,تم تحديد {count} {files},,,
pages.add.file,file,ملف,,,
pages.add.files,files,ملفات,,,
pages.add.cancel,Cancel,إلغاء,,,
pages.add.adding,Adding…,جارٍ الإضافة…,,,
pages.add.addSelected,Add selected files,إضافة الملفات المحددة,,,
pages.add.creating,Creating pages {created}/{total},جارٍ إنشاء الصفحات {created}/{total},,,
pages.add.stage.preparing,preparing,قيد التجهيز,,,
pages.add.stage.uploading,uploading,جارٍ الرفع,,,
pages.add.stage.validating,validating,جارٍ التحقق,,,
pages.add.stage.accepted,accepted,مقبول,,,
pages.add.stage.expanding,expanding,جارٍ التوسيع,,,
pages.add.stage.rejected,rejected,مرفوض,,,
pages.add.stage.failed,failed,فشل,,,
pages.add.stage.error,error,خطأ,,,
pages.add.stage.idle,idle,خامل,,,
pages.status.checking,Checking your scan,جارٍ فحص مسحك الضوئي,,,
pages.status.loading,Loading the latest secure status…,جارٍ تحميل أحدث حالة آمنة…,,,
pages.status.validating,Validating securely,جارٍ التحقق بأمان,,,
pages.status.validatingBody,"We’re checking the file type, integrity, and safety. You can leave this page and return later.",نقوم بفحص نوع الملف وسلامته وأمانه. يمكنك مغادرة هذه الصفحة والعودة لاحقًا.,,,
pages.status.accepted,Upload accepted,تم قبول الرفع,,,
pages.status.acceptedBody,Scan accepted. Your original file passed validation and is ready for processing.,تم قبول المسح. اجتاز ملفك الأصلي التحقق وهو جاهز للمعالجة.,,,
pages.status.openPreview,Open document preview,فتح معاينة المستند,,,
pages.status.rejected,This scan could not be accepted,تعذر قبول هذا المسح,,,
pages.status.rejectedBody,"For your safety, the file was removed. Check the format and try a different file.",حفاظًا على سلامتك، تمت إزالة الملف. تحقق من الصيغة وجرّب ملفًا آخر.,,,
pages.status.unavailable,Status unavailable,الحالة غير متاحة,,,
pages.status.unavailableBody,We could not load this scan’s status. Please try again later.,تعذر تحميل حالة هذا المسح. يرجى المحاولة لاحقًا.,,,
pages.status.back,Back to documents,العودة إلى المستندات,,,
pages.rail.pages,Pages,الصفحات,,,
pages.rail.page,Page {n},الصفحة {n},,,
pages.rail.thumb,Thumbnail of page {n},صورة مصغرة للصفحة {n},,,
pages.rail.moveEarlierAria,Move page {n} earlier,نقل الصفحة {n} للأمام,,,
pages.rail.moveEarlier,Move earlier,نقل للأمام,,,
pages.rail.moveLaterAria,Move page {n} later,نقل الصفحة {n} للخلف,,,
pages.rail.moveLater,Move later,نقل للخلف,,,
pages.rail.removeAria,Remove page {n},إزالة الصفحة {n},,,
pages.rail.remove,Remove page,إزالة الصفحة,,,
pages.rail.add,Add pages,إضافة صفحات,,,
pages.rail.confirm,Remove page {n} from this document?,إزالة الصفحة {n} من هذا المستند؟,,,
pages.rail.removed,Page {n} was removed.,تمت إزالة الصفحة {n}.,,,
pages.rail.err.remove,We could not remove this page. Please try again.,تعذرت إزالة هذه الصفحة. يرجى المحاولة مجددًا.,,,
pages.rail.added,New pages were added to the document.,تمت إضافة صفحات جديدة إلى المستند.,,,
pages.rail.saved,Page order saved.,تم حفظ ترتيب الصفحات.,,,
pages.rail.changed,Page order changed in another session. The latest order has been restored.,تغيّر ترتيب الصفحات في جلسة أخرى. تمت استعادة أحدث ترتيب.,,,
pages.rail.err.save,We could not save the page order. Please try again.,تعذر حفظ ترتيب الصفحات. يرجى المحاولة مجددًا.,,,
pages.login.back,← Back to scanner,← العودة إلى الماسح,,,
pages.login.eyebrow,OPTIONAL ACCOUNT,حساب اختياري,,,
pages.login.create,Create your account,أنشئ حسابك,,,
pages.login.signIn,Sign in,تسجيل الدخول,,,
pages.login.intro,Save your workspace and prepare for future premium features.,احفظ مساحة عملك وتهيأ لميزات بريميوم المستقبلية.,,,
pages.login.google,Continue with Google,المتابعة باستخدام Google,,,
pages.login.orEmail,or use email,أو استخدم البريد الإلكتروني,,,
pages.login.email,Email address,عنوان البريد الإلكتروني,,,
pages.login.password,Password,كلمة المرور,,,
pages.login.createBtn,Create account,إنشاء حساب,,,
pages.login.emailBtn,Sign in with email,تسجيل الدخول بالبريد الإلكتروني,,,
pages.login.haveAccount,Already have an account? Sign in,لديك حساب بالفعل؟ سجّل الدخول,,,
pages.login.newHere,New here? Create an account,جديد هنا؟ أنشئ حسابًا,,,
pages.login.busy,Opening secure sign-in…,جارٍ فتح تسجيل الدخول الآمن…,,,
pages.login.free,Scanning remains free without an account.,يبقى المسح مجانيًا دون حساب.,,,
pages.login.maker,Arks Scanner is made by,تم إنشاء Arks Scanner بواسطة,,,
pages.login.err.domain,Sign-in is not configured for this website address. Please contact support.,لم يتم إعداد تسجيل الدخول لعنوان هذا الموقع. يرجى التواصل مع الدعم.,,,
pages.login.err.inUse,This Google account already has a workspace. Sign in to that existing account to continue.,لدى حساب Google هذا مساحة عمل بالفعل. سجّل الدخول إلى ذلك الحساب للمتابعة.,,,
pages.login.err.cancelled,Sign-in was cancelled.,تم إلغاء تسجيل الدخول.,,,
pages.login.err.popup,Your browser blocked the sign-in window. Please allow popups and try again.,حظر متصفحك نافذة تسجيل الدخول. يرجى السماح بالنوافذ المنبثقة والمحاولة مجددًا.,,,
pages.login.err.different,This email already uses another sign-in method.,يستخدم هذا البريد الإلكتروني طريقة تسجيل دخول أخرى بالفعل.,,,
pages.login.err.exists,An account already exists for this email.,يوجد حساب بالفعل لهذا البريد الإلكتروني.,,,
pages.login.err.weak,Use a password with at least 6 characters.,استخدم كلمة مرور من 6 أحرف على الأقل.,,,
pages.login.err.invalid,The email or password is incorrect.,البريد الإلكتروني أو كلمة المرور غير صحيحة.,,,
pages.login.err.notEnabled,This sign-in method is not enabled yet.,طريقة تسجيل الدخول هذه غير مفعّلة بعد.,,,
pages.login.err.network,Network unavailable. Please try again.,الشبكة غير متاحة. يرجى المحاولة مجددًا.,,,
pages.login.err.generic,We could not sign you in. Please try again.,تعذر تسجيل دخولك. يرجى المحاولة مجددًا.,,,
ws.backToDocs,Back to my documents,العودة إلى مستنداتي,,,
ws.myDocuments,My documents,مستنداتي,,,
ws.loadingDocument,Loading document…,جارٍ تحميل المستند…,,,
ws.page,page,صفحة,,,
ws.pages,pages,صفحات,,,
ws.pagesOne,{count} page,{count} صفحة,,,
ws.pagesMany,{count} pages,{count} صفحات,,,
ws.workspace,Workspace,مساحة العمل,,,
ws.viewTools,View tools,أدوات العرض,,,
ws.pointer,Pointer,المؤشر,,,
ws.selectText,Select text,تحديد النص,,,
ws.pan,Pan,تحريك,,,
ws.layout,Layout,التخطيط,,,
ws.layout.continuous,Continuous,متواصل,,,
ws.layout.single,Single page,صفحة واحدة,,,
ws.layout.double,Two pages,صفحتان,,,
ws.new,New,جديد,,,
ws.zoom,Zoom,التكبير,,,
ws.zoomOut,Zoom out,تصغير,,,
ws.zoomIn,Zoom in,تكبير,,,
ws.fitWidth,Fit width,ملاءمة العرض,,,
ws.editTools,Edit tools,أدوات التحرير,,,
ws.searchInDocument,Search in document,البحث في المستند,,,
ws.searchPlaceholder,Search recognized text,ابحث في النص المعرَّف,,,
ws.previous,Previous,السابق,,,
ws.previousResult,Previous result,النتيجة السابقة,,,
ws.next,Next,التالي,,,
ws.nextResult,Next result,النتيجة التالية,,,
ws.recognizing,Recognizing text…,جارٍ التعرف على النص…,,,
ws.recognizeOne,Recognize 1 page,التعرف على صفحة واحدة,,,
ws.recognizeMany,Recognize {count} pages,التعرف على {count} صفحات,,,
ws.closeSearch,Close search,إغلاق البحث,,,
ws.exportOptions,Export options,خيارات التصدير,,,
ws.exportAs,Export as,التصدير كـ,,,
ws.export.pdf,PDF,PDF,,,
ws.export.print,Print,طباعة,,,
ws.export.original,Original file,الملف الأصلي,,,
ws.someFailed,Some pages could not be processed.,تعذّرت معالجة بعض الصفحات.,,,
ws.retrying,Retrying…,جارٍ إعادة المحاولة…,,,
ws.retryFailed,Retry failed pages,إعادة محاولة الصفحات الفاشلة,,,
ws.reload,Reload,إعادة التحميل,,,
ws.loginRequired,Log in required,تسجيل الدخول مطلوب,,,
ws.loginToUse,Log in to use {tool},سجّل الدخول لاستخدام {tool},,,
ws.loginBody,"Editing text, adding text, signatures and ticks need an account, so your changes are saved to you. Your documents stay with you when you log in.",تحرير النص وإضافته والتوقيعات وعلامات الصح تتطلب حسابًا حتى تُحفظ تغييراتك باسمك. تبقى مستنداتك معك عند تسجيل الدخول.,,,
ws.logIn,Log in,تسجيل الدخول,,,
ws.notNow,Not now,ليس الآن,,,
ws.pageEditor,Page editor,محرر الصفحة,,,
ws.documentPages,Document pages,صفحات المستند,,,
ws.editPanel,Edit panel,لوحة التحرير,,,
ws.exportPanel,Export panel,لوحة التصدير,,,
ws.searchOf,{n} of {total},{n} من {total},,,
ws.noResults,No results,لا توجد نتائج,,,
ws.pageN,Page {n},صفحة {n},,,
ws.notRecognizedYet,{pages} not recognized yet,{pages} لم يتم التعرف عليها بعد,,,
ws.recognizeStartFailed,Some pages could not start recognition. Try again.,تعذّر بدء التعرف على بعض الصفحات. حاول مرة أخرى.,,,
ws.loadFailed,We could not load this document. Please try again.,تعذّر تحميل هذا المستند. يُرجى المحاولة مرة أخرى.,,,
ws.restartFailed,Could not restart processing. Please try again.,تعذّرت إعادة بدء المعالجة. يُرجى المحاولة مرة أخرى.,,,
ws.group.page,Page,الصفحة,,,
ws.group.text,Text,النص,,,
ws.group.signMark,Sign & mark,التوقيع والعلامات,,,
ws.groupTools,{group} tools,أدوات {group},,,
ws.pageHistory,Page history,سجل الصفحة,,,
ws.undo,Undo,تراجع,,,
ws.redo,Redo,إعادة,,,
ws.noSavedChanges,No saved changes on this page yet.,لا توجد تغييرات محفوظة على هذه الصفحة بعد.,,,
ws.versionsOfPage,{count} versions of this page. Choose one to go back to it.,{count} إصدارات لهذه الصفحة. اختر واحدًا للعودة إليه.,,,
ws.current,current,الحالي,,,
ws.historyAdded,Added {text},أُضيف {text},,,
ws.historyReplaced,Replaced {original} with {replacement},تم استبدال {original} بـ {replacement},,,
ws.historyDeleted,Deleted {text},تم حذف {text},,,
ws.originalPage,Original page,الصفحة الأصلية,,,
ws.historyUnavailable,Edit history is not available right now.,سجل التحرير غير متاح حاليًا.,,,
ws.versionRestored,Page version restored.,تمت استعادة إصدار الصفحة.,,,
ws.textUndone,Text change undone.,تم التراجع عن تغيير النص.,,,
ws.textRestored,Text change restored.,تمت استعادة تغيير النص.,,,
ws.historyFailed,The page changed or the action failed. Reload history and try again.,تغيّرت الصفحة أو فشل الإجراء. أعد تحميل السجل وحاول مرة أخرى.,,,
ws.editKicker,Edit,تحرير,,,
ws.editKickerPage,Edit · page {page},تحرير · صفحة {page},,,
ws.wm.title,Add your watermark,أضف علامتك المائية,,,
ws.wm.subtitle,"Stamp every page, e.g. “For government use only”.",ضع ختمًا على كل صفحة، مثل «للاستخدام الحكومي فقط».,,,
ws.wm.text,Text,النص,,,
ws.wm.placeholder,Type your watermark,اكتب علامتك المائية,,,
ws.wm.quickText,Quick text,نص سريع,,,
ws.wm.style,Style,النمط,,,
ws.wm.watermarkStyle,Watermark style,نمط العلامة المائية,,,
ws.wm.once,Once,مرة واحدة,,,
ws.wm.repeated,Repeated,متكرر,,,
ws.wm.position,Position,الموضع,,,
ws.wm.pos.Top,Top,أعلى,,,
ws.wm.pos.Center,Center,وسط,,,
ws.wm.pos.Bottom,Bottom,أسفل,,,
ws.wm.font,Font,الخط,,,
ws.wm.bold,Bold,عريض,,,
ws.wm.colour,Colour,اللون,,,
ws.wm.customColour,Custom colour,لون مخصص,,,
ws.wm.transparency,Transparency,الشفافية,,,
ws.wm.size,Size,الحجم,,,
ws.wm.angle,Angle,الزاوية,,,
ws.wm.quickAngle,Quick angle,زاوية سريعة,,,
ws.wm.spacing,Spacing,التباعد,,,
ws.wm.reset,Reset to default,إعادة التعيين إلى الافتراضي,,,
ws.exp.finalDocument,Final document,المستند النهائي,,,
ws.exp.searchableCount,{count} searchable,{count} قابلة للبحث,,,
ws.exp.willBeExcluded,{pages} will be excluded.,سيتم استبعاد {pages}.,,,
ws.exp.readyOne,ready page will be included.,صفحة جاهزة ستُضمَّن.,,,
ws.exp.readyMany,ready pages will be included.,صفحات جاهزة ستُضمَّن.,,,
ws.exp.exclOne,page will be excluded.,صفحة ستُستبعد.,,,
ws.exp.exclMany,pages will be excluded.,صفحات ستُستبعد.,,,
ws.exp.pageSize,PDF page size,حجم صفحة PDF,,,
ws.exp.originalSize,Original size,الحجم الأصلي,,,
ws.exp.a4,A4 paper,ورق A4,,,
ws.exp.a4Hint,Ready pages will fit onto A4 paper with white margins. Portrait or landscape is chosen for each page; content will not be stretched.,ستُلاءَم الصفحات الجاهزة مع ورق A4 بهوامش بيضاء. يُختار الاتجاه الطولي أو العرضي لكل صفحة، ولن يتم تمديد المحتوى.,,,
ws.exp.makeSearchable,Make text searchable (optional),اجعل النص قابلًا للبحث (اختياري),,,
ws.exp.makeSearchableHint,Uses existing Google OCR results to add an invisible text layer. It does not change how the page looks.,يستخدم نتائج Google OCR الحالية لإضافة طبقة نص غير مرئية. لا يغيّر ذلك مظهر الصفحة.,,,
ws.state.Queued,Queued,في قائمة الانتظار,,,
ws.state.Processing,Processing,قيد المعالجة,,,
ws.state.Failed,Failed,فشل,,,
ws.state.Ready,Ready,جاهز,,,
ws.exp.building,Building your PDF… You can keep organizing while this finishes.,جارٍ إنشاء ملف PDF… يمكنك متابعة التنظيم أثناء ذلك.,,,
ws.exp.failedMsg,The PDF could not be generated. Your pages are unchanged.,تعذّر إنشاء ملف PDF. صفحاتك لم تتغير.,,,
ws.exp.outdated,This PDF is from an earlier page order. You can still download it or generate an updated PDF.,هذا الملف من ترتيب صفحات سابق. لا يزال بإمكانك تنزيله أو إنشاء ملف PDF محدَّث.,,,
ws.exp.download,Download PDF,تنزيل PDF,,,
ws.exp.generateLayout,Generate {layout} PDF,إنشاء PDF بحجم {layout},,,
ws.exp.generateWatermark,Generate PDF with this watermark,إنشاء PDF بهذه العلامة المائية,,,
ws.exp.generateUpdated,Generate updated PDF,إنشاء PDF محدَّث,,,
ws.exp.retry,Retry export,إعادة محاولة التصدير,,,
ws.exp.starting,Starting…,جارٍ البدء…,,,
ws.exp.generate,Generate PDF,إنشاء PDF,,,
ws.watermarksToday,Watermarks today,العلامات المائية اليوم,,,
ws.ocrToday,OCR today,OCR اليوم,,,
ws.exp.needReady,At least one Ready page is required.,مطلوب صفحة جاهزة واحدة على الأقل.,,,
ws.exp.searchOne,The page has searchable text.,تحتوي الصفحة على نص قابل للبحث.,,,
ws.exp.searchAll,All {count} pages have searchable text.,جميع الصفحات البالغ عددها {count} تحتوي على نص قابل للبحث.,,,
ws.exp.searchPartial,{searchable} of {ready} pages have searchable text.,{searchable} من أصل {ready} صفحات تحتوي على نص قابل للبحث.,,,
ws.exp.imageOnly,Image-only PDF. Text cannot be searched or selected.,PDF صور فقط. لا يمكن البحث في النص أو تحديده.,,,
ws.exp.confirm,Generate the PDF?,هل تريد إنشاء ملف PDF؟,,,
ws.exp.started,PDF generation started.,بدأ إنشاء ملف PDF.,,,
ws.exp.startFailed,We could not start the PDF export. Please try again.,تعذّر بدء تصدير PDF. يُرجى المحاولة مرة أخرى.,,,
ws.exp.downloadStarted,PDF download started.,بدأ تنزيل PDF.,,,
ws.exp.downloadFailed,We could not download the PDF. Please try again.,تعذّر تنزيل PDF. يُرجى المحاولة مرة أخرى.,,,
ws.exp.statusFailed,We could not refresh the PDF status. Please try again.,تعذّر تحديث حالة PDF. يُرجى المحاولة مرة أخرى.,,,
ws.exp.exportIs,PDF export is {state}.,حالة تصدير PDF: {state}.,,,
ws.exp.readyImageOnly,PDF is ready. It is image-only.,ملف PDF جاهز. وهو صور فقط.,,,
ws.exp.readyOnePage,PDF is ready. The page is searchable.,ملف PDF جاهز. الصفحة قابلة للبحث.,,,
ws.exp.readyAll,PDF is ready. All {count} pages are searchable.,ملف PDF جاهز. جميع الصفحات البالغ عددها {count} قابلة للبحث.,,,
ws.exp.readyPartial,PDF is ready. {searchable} of {ready} pages are searchable.,ملف PDF جاهز. {searchable} من أصل {ready} صفحات قابلة للبحث.,,,
ws.print,Print,طباعة,,,
ws.printAllOne,Prints all {count} ready page at their original size.,تطبع جميع الصفحات الجاهزة وعددها {count} بحجمها الأصلي.,,,
ws.printAllMany,Prints all {count} ready pages at their original size.,تطبع جميع الصفحات الجاهزة وعددها {count} بحجمها الأصلي.,,,
ws.preparing,Preparing…,جارٍ التحضير…,,,
ws.originalFile,Original file,الملف الأصلي,,,
ws.downloadsAsUploaded,Downloads the file as it was uploaded,ينزّل الملف كما تم رفعه,,,
ws.forPageN,for page {n}.,للصفحة {n}.,,,
ws.forSelectedPage,for the selected page.,للصفحة المحددة.,,,
ws.downloadOriginal,Download original,تنزيل الأصل,,,
ws.originalUnavailable,The original file is no longer available for this page.,الملف الأصلي لم يعد متاحًا لهذه الصفحة.,,,
ws.printOpened,Print dialog opened.,تم فتح نافذة الطباعة.,,,
ws.printFailed,We could not prepare the document for printing. Please try again.,تعذّر تجهيز المستند للطباعة. يُرجى المحاولة مرة أخرى.,,,
ws.originalStarted,Original download started.,بدأ تنزيل الأصل.,,,
ws.originalFailed,Could not download the original. Please try again.,تعذّر تنزيل الأصل. يُرجى المحاولة مرة أخرى.,,,
ws.limit.ocr,You've used today's {limit} free OCR pages — upgrade to Pro or come back tomorrow.,لقد استخدمت صفحات OCR المجانية اليوم وعددها {limit} — قم بالترقية إلى Pro أو عُد غدًا.,,,
ws.limit.watermark,You've used today's {limit} free watermark exports — upgrade to Pro or come back tomorrow.,لقد استخدمت عمليات تصدير العلامات المائية المجانية اليوم وعددها {limit} — قم بالترقية إلى Pro أو عُد غدًا.,,,
ws.limit.documents,The Free plan keeps up to {limit} documents. Delete some or upgrade to Pro.,تحتفظ الخطة المجانية بما يصل إلى {limit} مستندات. احذف بعضها أو قم بالترقية إلى Pro.,,,
ws.banner.eyebrow,MAKE ROOM FOR WHAT MATTERS,أفسح المجال لما يهم,,,
ws.banner.title1,"Paperwork, beautifully",الأوراق،,,,
ws.banner.title2,under control.,بشكل منظم وجميل.,,,
ws.banner.line1,Bring a document into your workspace.,أحضر مستندًا إلى مساحة عملك.,,,
ws.banner.line2,Keep the important things together.,احتفظ بالأشياء المهمة معًا.,,,
ws.banner.upload,Upload a document,رفع مستند,,,
ws.banner.small,"DOCUMENTS, ORGANIZED.",مستندات منظمة.,,,
ws.banner.art1,One less thing,شيء واحد أقل,,,
ws.banner.art2,on your mind.,يشغل بالك.,,,
ws.banner.privateTitle,Private by default,خاص افتراضيًا,,,
ws.banner.privateBody,Your documents are only visible to your account.,مستنداتك مرئية لحسابك فقط.,,,
ws.tool.crop.title,Crop & look,القص والمظهر,,,
ws.tool.crop.body,"Move the four corners, rotate the page, or switch between Magic scan and the other looks. Your original photo is kept.",حرّك الزوايا الأربع أو دوّر الصفحة أو بدّل بين المسح السحري والمظاهر الأخرى. تبقى صورتك الأصلية محفوظة.,,,
ws.tool.crop.s1,"Drag each corner to the paper edge, or use Auto detect.",اسحب كل زاوية إلى حافة الورقة أو استخدم الكشف التلقائي.,,,
ws.tool.crop.s2,Choose a look; Magic scan is the default for photos.,اختر مظهرًا؛ المسح السحري هو الافتراضي للصور.,,,
ws.tool.crop.s3,Save to update the page.,احفظ لتحديث الصفحة.,,,
ws.tool.crop.action,Open crop & look,فتح القص والمظهر,,,
ws.tool.clean.title,Clean page,تنظيف الصفحة,,,
ws.tool.clean.body,"Remove punch holes, staple marks or small debris. Only the areas you select change.",أزل ثقوب التخريم وآثار الدبابيس أو الشوائب الصغيرة. تتغير المناطق التي تحددها فقط.,,,
ws.tool.clean.s1,"Find punch holes, or paint over a mark.",اعثر على ثقوب التخريم أو ارسم فوق العلامة.,,,
ws.tool.clean.s2,Preview the cleanup.,عاين التنظيف.,,,
ws.tool.clean.s3,"Apply, or undo later from History.",طبّق، أو تراجع لاحقًا من السجل.,,,
ws.tool.clean.action,Start cleaning,ابدأ التنظيف,,,
ws.tool.text.title,Edit printed text,تحرير النص المطبوع,,,
ws.tool.text.body,Select recognized words and type a replacement. The background behind the old text is rebuilt from the paper around it.,حدّد الكلمات المعرَّفة واكتب بديلاً لها. تُعاد بناء الخلفية خلف النص القديم من الورقة المحيطة به.,,,
ws.tool.text.s1,Drag across the words you want to change.,اسحب فوق الكلمات التي تريد تغييرها.,,,
ws.tool.text.s2,Type the new text and pick a font.,اكتب النص الجديد واختر خطًا.,,,
ws.tool.text.s3,"Preview the exact result, then apply.",عاين النتيجة الدقيقة ثم طبّق.,,,
ws.tool.text.action,Select words,تحديد الكلمات,,,
ws.tool.add.title,Add text,إضافة نص,,,
ws.tool.add.body,"Place new printed text anywhere on the page, in any of the bundled fonts.",ضع نصًا مطبوعًا جديدًا في أي مكان على الصفحة بأي من الخطوط المضمّنة.,,,
ws.tool.add.s1,Click where the text should go.,انقر حيث يجب أن يوضع النص.,,,
ws.tool.add.s2,Type and style it.,اكتب النص ونسّقه.,,,
ws.tool.add.s3,"Preview, then apply.",عاين ثم طبّق.,,,
ws.tool.add.action,Place a text box,ضع مربع نص,,,
ws.tool.sign.title,Add a signature,إضافة توقيع,,,
ws.tool.sign.body,"Upload a signature photo or draw one, then place and resize it. A visual signature only, not a certified e-signature.",ارفع صورة توقيع أو ارسم واحدًا، ثم ضعه وغيّر حجمه. توقيع مرئي فقط وليس توقيعًا إلكترونيًا معتمدًا.,,,
ws.tool.sign.s1,Upload or draw.,ارفع أو ارسم.,,,
ws.tool.sign.s2,Drag it into place and resize.,اسحبه إلى مكانه وغيّر حجمه.,,,
ws.tool.sign.s3,Save.,احفظ.,,,
ws.tool.sign.action,Add signature,إضافة توقيع,,,
ws.tool.mark.title,Tick / Cross,علامة صح / خطأ,,,
ws.tool.mark.body,"Click a checkbox on the form to place a tick or cross. Change colour, size and stroke.",انقر على خانة اختيار في النموذج لوضع علامة صح أو خطأ. غيّر اللون والحجم وسمك الخط.,,,
ws.tool.mark.s1,Choose tick or cross.,اختر علامة صح أو خطأ.,,,
ws.tool.mark.s2,Click each box on the page.,انقر على كل مربع في الصفحة.,,,
ws.tool.mark.s3,Save the marks.,احفظ العلامات.,,,
ws.tool.mark.action,Start placing marks,ابدأ وضع العلامات,,,
ws.tool.ocr.title,Recognize text,التعرف على النص,,,
ws.tool.ocr.body,"Reads the words on this page so you can select, edit and search them, and export a searchable PDF.",يقرأ الكلمات في هذه الصفحة لتتمكن من تحديدها وتحريرها والبحث فيها وتصدير ملف PDF قابل للبحث.,,,
ws.tool.ocr.s1,Run recognition on this page.,شغّل التعرف على هذه الصفحة.,,,
ws.tool.ocr.s2,Wait a few seconds.,انتظر بضع ثوانٍ.,,,
ws.tool.ocr.s3,Select or edit words.,حدّد الكلمات أو حرّرها.,,,
ws.tool.ocr.action,Recognize this page,التعرف على هذه الصفحة,,,
admin.nav.label,Admin,المشرف,,,
admin.nav.title,Admin,المشرف,,,
admin.nav.dashboard,Dashboard,لوحة المعلومات,,,
admin.nav.users,Users,المستخدمون,,,
admin.nav.subscribers,Subscribers,المشتركون,,,
admin.nav.payments,Payments,المدفوعات,,,
admin.nav.settings,Settings,الإعدادات,,,
admin.nav.admins,Admins,المشرفون,,,
admin.prev,Previous,السابق,,,
admin.next,Next,التالي,,,
admin.page,Page {page},الصفحة {page},,,
admin.guest,Guest,ضيف,,,
admin.active,Active,نشط,,,
admin.forever,Forever,دائم,,,
admin.revoke,Revoke,إلغاء,,,
admin.revokeConfirm,Revoke this Pro subscription now?,هل تريد إلغاء اشتراك Pro هذا الآن؟,,,
admin.revokeFailed,Could not revoke the subscription.,تعذر إلغاء الاشتراك.,,,
admin.col.note,Note,ملاحظة,,,
admin.col.source,Source,المصدر,,,
admin.col.status,Status,الحالة,,,
admin.col.ends,Ends,ينتهي,,,
admin.col.email,Email,البريد الإلكتروني,,,
admin.dash.title,Dashboard,لوحة المعلومات,,,
admin.dash.loadFailed,Could not load the dashboard. Reload to try again.,تعذر تحميل لوحة المعلومات. أعد التحميل للمحاولة مجددًا.,,,
admin.dash.testBanner,Test phase — everyone gets Pro features (the Arks Scanner stamp stays).,مرحلة الاختبار — يحصل الجميع على ميزات Pro (يبقى ختم Arks Scanner).,,,
admin.dash.enforcedFrom,Plans are enforced from {date}.,تُطبَّق الخطط اعتبارًا من {date}.,,,
admin.dash.enforced,Plans are enforced — Free limits apply.,الخطط مُطبَّقة — تسري حدود الخطة المجانية.,,,
admin.dash.users,Users,المستخدمون,,,
admin.dash.usersHint,{signedIn} signed in · {guests} guests,{signedIn} مسجّلون · {guests} ضيوف,,,
admin.dash.newUsers,New users,مستخدمون جدد,,,
admin.dash.newHint,today · {d7} in 7 days · {d30} in 30,اليوم · {d7} خلال 7 أيام · {d30} خلال 30,,,
admin.dash.active7,Active (7 days),النشطون (7 أيام),,,
admin.dash.pro,Pro subscribers,مشتركو Pro,,,
admin.dash.proHint,{manual} given · {paid} paid,{manual} ممنوح · {paid} مدفوع,,,
admin.dash.documents,Documents,المستندات,,,
admin.dash.documentsHint,{today} today,{today} اليوم,,,
admin.dash.ocrPages,OCR pages,صفحات OCR,,,
admin.dash.todayMonth,today · {month} this month,اليوم · {month} هذا الشهر,,,
admin.dash.ocrCost,OCR cost (month),تكلفة OCR (الشهر),,,
admin.dash.estimate,estimate,تقدير,,,
admin.dash.watermarks,Watermark exports,عمليات تصدير العلامة المائية,,,
admin.dash.chartTitle,OCR pages — last 30 days,صفحات OCR — آخر 30 يومًا,,,
admin.dash.chartLabel,OCR pages per day for the last 30 days,صفحات OCR يوميًا خلال آخر 30 يومًا,,,
admin.dash.barTitle,"{day}: {value} pages, {newUsers} new users",{day}: {value} صفحة، {newUsers} مستخدمين جدد,,,
admin.loading,Loading…,جارٍ التحميل…,,,
admin.users.title,Users,المستخدمون,,,
admin.users.searchPlaceholder,Search by email or UID,ابحث بالبريد الإلكتروني أو UID,,,
admin.users.searchLabel,Search users,البحث عن المستخدمين,,,
admin.users.search,Search,بحث,,,
admin.users.countOne,{count} user,{count} مستخدم,,,
admin.users.countOther,{count} users,{count} مستخدمين,,,
admin.users.signIn,Sign-in,تسجيل الدخول,,,
admin.users.plan,Plan,الخطة,,,
admin.users.joined,Joined,تاريخ الانضمام,,,
admin.users.lastSeen,Last seen,آخر ظهور,,,
admin.users.none,No users match.,لا يوجد مستخدمون مطابقون.,,,
admin.users.loadFailed,Could not load users.,تعذر تحميل المستخدمين.,,,
admin.pay.title,Payments,المدفوعات,,,
admin.pay.empty,Payments appear here once HitPay is connected.,ستظهر المدفوعات هنا بعد ربط HitPay.,,,
admin.pay.date,Date,التاريخ,,,
admin.pay.account,Account,الحساب,,,
admin.pay.provider,Provider,المزوّد,,,
admin.pay.reference,Reference,المرجع,,,
admin.pay.amount,Amount,المبلغ,,,
admin.pay.loadFailed,Could not load payments.,تعذر تحميل المدفوعات.,,,
admin.subs.title,Subscribers,المشتركون,,,
admin.subs.account,Account,الحساب,,,
admin.subs.started,Started,بدأ,,,
admin.subs.extend,Extend,تمديد,,,
admin.subs.extendBy,Extend by,مدة التمديد,,,
admin.subs.none,No Pro subscriptions yet. Give Pro from a user's page.,لا توجد اشتراكات Pro بعد. امنح Pro من صفحة المستخدم.,,,
admin.subs.extendFailed,Could not extend the subscription.,تعذر تمديد الاشتراك.,,,
admin.subs.loadFailed,Could not load subscriptions.,تعذر تحميل الاشتراكات.,,,
admin.duration.1m,1 month,شهر واحد,,,
admin.duration.3m,3 months,3 أشهر,,,
admin.duration.1y,1 year,سنة واحدة,,,
admin.duration.forever,Forever,دائم,,,
admin.set.title,Plan settings,إعدادات الخطط,,,
admin.set.phase,Phase,المرحلة,,,
admin.set.phaseTest,"Test — everyone gets Pro features (stamp stays, nothing deleted)",اختبار — يحصل الجميع على ميزات Pro (يبقى الختم، ولا يُحذف شيء),,,
admin.set.phaseEnforced,Enforced — Free limits apply,مُطبَّق — تسري حدود الخطة المجانية,,,
admin.set.autoEnforce,Switch to Enforced automatically on (optional),التحويل تلقائيًا إلى «مُطبَّق» في (اختياري),,,
admin.set.ocrPerDay,Free OCR pages per day,صفحات OCR المجانية يوميًا,,,
admin.set.wmPerDay,Free watermark exports per day,عمليات تصدير العلامة المائية المجانية يوميًا,,,
admin.set.maxDocs,Free documents kept (maximum),المستندات المجانية المحفوظة (الحد الأقصى),,,
admin.set.retention,Free documents deleted after (days),تُحذف المستندات المجانية بعد (أيام),,,
admin.set.ocrCost,"OCR cost per 1,000 pages (US$, for the dashboard estimate)","تكلفة OCR لكل 1,000 صفحة (US$، لتقدير لوحة المعلومات)",,,
admin.set.timeZone,Usage day time zone,المنطقة الزمنية ليوم الاستخدام,,,
admin.set.save,Save,حفظ,,,
admin.set.saved,Saved,تم الحفظ,,,
admin.set.confirm,Apply to all users now?,هل تريد التطبيق على جميع المستخدمين الآن؟,,,
admin.set.loadFailed,Could not load the plan settings.,تعذر تحميل إعدادات الخطط.,,,
admin.set.saveFailed,These settings were not saved. Check the values and try again.,لم تُحفظ هذه الإعدادات. تحقق من القيم وحاول مجددًا.,,,
admin.detail.back,← All users,← جميع المستخدمين,,,
admin.detail.plan,Plan,الخطة,,,
admin.detail.documents,Documents,المستندات,,,
admin.detail.ocrToday,OCR today,OCR اليوم,,,
admin.detail.wmToday,Watermarks today,العلامات المائية اليوم,,,
admin.detail.meta,UID {uid} · {provider}{admin} · joined {joined} · last seen {seen},UID {uid} · {provider}{admin} · انضم {joined} · آخر ظهور {seen},,,
admin.detail.adminTag, · admin, · مشرف,,,
admin.detail.giveTitle,Give Pro (free),منح Pro (مجانًا),,,
admin.detail.duration,Duration,المدة,,,
admin.detail.notePlaceholder,"e.g. friend, tester",مثال: صديق، مختبِر,,,
admin.detail.give,Give Pro,منح Pro,,,
admin.detail.giveFailed,Could not give Pro.,تعذر منح Pro.,,,
admin.detail.subs,Subscriptions,الاشتراكات,,,
admin.detail.noSubs,No subscriptions yet.,لا توجد اشتراكات بعد.,,,
admin.detail.loadFailed,Could not load this user.,تعذر تحميل هذا المستخدم.,,,
admin.admins.title,Admins,المشرفون,,,
admin.admins.addLabel,Add an admin by email,إضافة مشرف عبر البريد الإلكتروني,,,
admin.admins.add,Add admin,إضافة مشرف,,,
admin.admins.hint,The person must have signed in to Arks Scanner at least once.,يجب أن يكون الشخص قد سجّل الدخول إلى Arks Scanner مرة واحدة على الأقل.,,,
admin.admins.added,Added,تاريخ الإضافة,,,
admin.admins.remove,Remove,إزالة,,,
admin.admins.removeConfirm,Remove {name} as an admin?,هل تريد إزالة {name} من المشرفين؟,,,
admin.admins.notFound,No signed-in account uses that email yet. Ask them to sign in first.,لا يوجد حساب مسجَّل الدخول بهذا البريد بعد. اطلب منه تسجيل الدخول أولًا.,,,
admin.admins.addFailed,Could not add that admin.,تعذرت إضافة هذا المشرف.,,,
admin.admins.lastOne,At least one admin must remain.,يجب أن يبقى مشرف واحد على الأقل.,,,
admin.admins.removeFailed,Could not remove that admin.,تعذرت إزالة هذا المشرف.,,,
admin.admins.loadFailed,Could not load admins.,تعذر تحميل المشرفين.,,,
