key,English,Malay,OK? (Y/N),Better wording,Comment
list.save,Save,Simpan,,,
list.cancel,Cancel,Batal,,,
list.deleteAsk,Delete this document?,Padam dokumen ini?,,,
list.deleteYes,"Yes, delete","Ya, padam",,,
list.keep,Keep,Kekalkan,,,
list.recent,Recent documents,Dokumen terkini,,,
list.total,{count} total,{count} jumlah,,,
list.emptyBody,Your next chapter starts with one document.,Bab seterusnya bermula dengan satu dokumen.,,,
app.loading,Loading…,Memuatkan…,,,
nav.scan,Scan,Imbas,,,
nav.documents,My documents,Dokumen saya,,,
nav.admin,Admin,Pentadbir,,,
nav.private,Private,Peribadi,,,
nav.signIn,Sign in,Log masuk,,,
nav.openAccount,Open account menu,Buka menu akaun,,,
nav.language,Language,Bahasa,,,
menu.privacy,Privacy & your data,Privasi & data anda,,,
menu.signOut,Sign out,Log keluar,,,
menu.proSoon,Pro is coming soon,Pro akan datang tidak lama lagi,,,
consent.title,Your documents are private to you.,Dokumen anda adalah peribadi untuk anda.,,,
consent.body,"We store your scans and their recognized text to run Arks Scanner, use Google services for sign-in and text recognition, and never sell your data. You can download or delete your data at any time.","Kami menyimpan imbasan anda dan teks yang dikenal pasti untuk menjalankan Arks Scanner, menggunakan perkhidmatan Google untuk log masuk dan pengecaman teks, dan tidak pernah menjual data anda. Anda boleh memuat turun atau memadam data anda pada bila-bila masa.",,,
consent.accept,I understand,Saya faham,,,
privacy.title,Privacy & your data,Privasi & data anda,,,
privacy.lead,Your documents are private to you. You can take a copy of your data or delete your account at any time.,Dokumen anda adalah peribadi untuk anda. Anda boleh mengambil salinan data anda atau memadam akaun anda pada bila-bila masa.,,,
privacy.downloadTitle,Download my data,Muat turun data saya,,,
privacy.downloadBody,"A file with your account details, documents and their recognized text, plan usage and activity.","Fail yang mengandungi butiran akaun, dokumen dan teksnya, penggunaan pelan dan aktiviti anda.",,,
privacy.downloadButton,Download my data,Muat turun data saya,,,
privacy.downloaded,Your data file has been downloaded.,Fail data anda telah dimuat turun.,,,
privacy.downloadFailed,We could not prepare your data. Please try again.,Kami tidak dapat menyediakan data anda. Sila cuba lagi.,,,
privacy.deleteTitle,Delete my account,Padam akaun saya,,,
privacy.deleteBody,This removes your documents and your sign-in. It cannot be undone from the app.,Ini akan memadam dokumen dan log masuk anda. Ia tidak boleh dibatalkan daripada aplikasi.,,,
privacy.deleteConfirm,Type DELETE to confirm,Taip DELETE untuk mengesahkan,,,
privacy.deleteButton,Delete my account,Padam akaun saya,,,
privacy.lastAdmin,You are the only admin. Add another admin before deleting your account.,Anda satu-satunya pentadbir. Tambah pentadbir lain sebelum memadam akaun anda.,,,
privacy.deleteFailed,Your account could not be deleted. Please try again.,Akaun anda tidak dapat dipadam. Sila cuba lagi.,,,
scan.eyebrow,New scan,Imbasan baharu,,,
scan.title,Upload your document,Muat naik dokumen anda,,,
scan.formats,"PDF, JPEG, PNG, or HEIC · Maximum 25 MB · Private by default","PDF, JPEG, PNG atau HEIC · Maksimum 25 MB · Peribadi secara lalai",,,
scan.documentTitle,Document title,Tajuk dokumen,,,
scan.optional,(optional),(pilihan),,,
scan.titleHint,"Uploading starts as soon as you choose files, and the file name is used as the title. Type a name before choosing files, or rename it later from My documents.","Muat naik bermula sebaik sahaja anda memilih fail, dan nama fail digunakan sebagai tajuk. Taip nama sebelum memilih fail, atau tukar nama kemudian dalam Dokumen saya.",,,
scan.chooseFiles,Choose files,Pilih fail,,,
scan.browse,Browse files on your device,Semak imbas fail pada peranti anda,,,
scan.continue,Continue to import,Teruskan ke import,,,
scan.error.unsupported_type,"Choose a PDF, JPEG, PNG, or HEIC file.","Pilih fail PDF, JPEG, PNG atau HEIC.",,,
scan.error.empty_file,Choose a file that is not empty.,Pilih fail yang tidak kosong.,,,
scan.error.file_too_large,Choose a file smaller than 25 MB.,Pilih fail yang lebih kecil daripada 25 MB.,,,
scan.error.intent_expired,The secure upload link expired. Please try again.,Pautan muat naik selamat telah tamat tempoh. Sila cuba lagi.,,,
scan.error.upload_failed,The file could not be uploaded. Please try again.,Fail tidak dapat dimuat naik. Sila cuba lagi.,,,
scan.error.request_failed,We could not start the scan. Please try again.,Kami tidak dapat memulakan imbasan. Sila cuba lagi.,,,
list.eyebrow,Your private workspace,Ruang kerja peribadi anda,,,
list.title,Your documents,Dokumen anda,,,
list.subtitle,A little less paperwork. A little more peace of mind.,Kurang kerja kertas. Lebih ketenangan fikiran.,,,
list.newScan,New Scan,Imbasan Baharu,,,
list.loading,Loading documents…,Memuatkan dokumen…,,,
list.loadFailed,We couldn't load your documents,Kami tidak dapat memuatkan dokumen anda,,,
list.tryAgain,Please try again in a moment.,Sila cuba lagi sebentar lagi.,,,
list.empty,No scans yet,Belum ada imbasan,,,
list.pages,{count} pages,{count} halaman,,,
list.page,1 page,1 halaman,,,
list.updated,Updated {date},Dikemas kini {date},,,
list.deletesIn,Deletes in {count} days,Dipadam dalam {count} hari,,,
list.deletesInOne,Deletes in 1 day,Dipadam dalam 1 hari,,,
list.deletesToday,Deletes today,Dipadam hari ini,,,
list.expiringBanner,"A document will be deleted within a day. Download it now, or upgrade to Pro to keep your documents.","Sebuah dokumen akan dipadam dalam masa sehari. Muat turun sekarang, atau naik taraf ke Pro untuk menyimpan dokumen anda.",,,
list.rename,Rename,Tukar nama,,,
list.delete,Delete,Padam,,,
list.renamePrompt,Rename document,Tukar nama dokumen,,,
list.deleteConfirm,Delete “{title}”? This cannot be undone from the app.,Padam “{title}”? Ini tidak boleh dibatalkan daripada aplikasi.,,,
list.bin.title,Recently deleted,Dipadam baru-baru ini,,,
list.bin.hint,"Deleted documents stay here for 30 days, then they are removed for good.","Dokumen yang dipadam kekal di sini selama 30 hari, kemudian dibuang terus.",,,
list.bin.empty,Nothing deleted in the last 30 days.,Tiada apa-apa dipadam dalam 30 hari lalu.,,,
list.bin.deleted,Deleted {deleted} · removed for good after {purge},Dipadam {deleted} · dibuang terus selepas {purge},,,
list.bin.restore,Restore,Pulihkan,,,
list.bin.restoreFailed,We could not restore this document. Please try again.,Kami tidak dapat memulihkan dokumen ini. Sila cuba lagi.,,,
list.bin.limit,Restoring this would go over your plan's document limit. Delete another document or upgrade first.,Memulihkan dokumen ini akan melebihi had dokumen pelan anda. Padam dokumen lain atau naik taraf dahulu.,,,
list.bin.loadFailed,We could not load recently deleted documents.,Kami tidak dapat memuatkan dokumen yang dipadam baru-baru ini.,,,
ws.wm.preset.government,FOR GOVERNMENT USE ONLY,UNTUK KEGUNAAN KERAJAAN SAHAJA,,,
ws.wm.preset.ic,FOR IC VERIFICATION ONLY,UNTUK PENGESAHAN KAD PENGENALAN SAHAJA,,,
ws.wm.preset.confidential,CONFIDENTIAL,SULIT,,,
ws.wm.preset.copy,COPY,SALINAN,,,
ws.wm.preset.draft,DRAFT,DRAF,,,
ws.wm.preset.sample,SAMPLE,SAMPEL,,,
ws.wm.color.red,Red,Merah,,,
ws.wm.color.navy,Navy,Biru tua,,,
ws.wm.color.black,Black,Hitam,,,
ws.wm.color.grey,Grey,Kelabu,,,
ws.wm.color.green,Green,Hijau,,,
ws.wm.color.orange,Orange,Oren,,,
ws.wm.font.liberation-sans,Arial style,Gaya Arial,,,
ws.wm.font.carlito,Calibri style,Gaya Calibri,,,
ws.wm.font.oswald,Oswald (stamp),Oswald (cop),,,
ws.wm.font.liberation-serif,Times style,Gaya Times,,,
ws.wm.font.liberation-mono,Typewriter,Mesin taip,,,
ws.wm.font.caveat,Handwriting,Tulisan tangan,,,
ws.wm.font.dancing-script,Script,Tulisan berangkai,,,
list.deleteFailed,That document could not be deleted. Please try again.,Dokumen itu tidak dapat dipadam. Sila cuba lagi.,,,
list.renameFailed,That document could not be renamed. Please try again.,Dokumen itu tidak dapat ditukar nama. Sila cuba lagi.,,,
list.titleTooLong,A title can have at most 200 characters.,Tajuk boleh mempunyai paling banyak 200 aksara.,,,
workspace.view,View,Lihat,,,
workspace.edit,Edit,Sunting,,,
workspace.export,Export,Eksport,,,
workspace.exportPdf,Export PDF,Eksport PDF,,,
tool.crop,Crop & look,Pangkas & rupa,,,
tool.clean,Clean page,Bersihkan halaman,,,
tool.text,Edit text,Sunting teks,,,
tool.add,Add text,Tambah teks,,,
tool.sign,Signature,Tandatangan,,,
tool.mark,Tick / Cross,Tanda / Pangkah,,,
tool.ocr,Recognize text,Kenal pasti teks,,,
tool.search,Search text,Cari teks,,,
tool.history,History,Sejarah,,,
editor.editingPage,Editing page {position},Menyunting halaman {position},,,
editor.done,Done,Selesai,,,
editor.backToDocument,← Back to document,← Kembali ke dokumen,,,
editor.pageEditor,PAGE EDITOR,EDITOR HALAMAN,,,
editor.editPage,Edit page,Sunting halaman,,,
editor.pageN,Page {position},Halaman {position},,,
editor.pageIntro,"Add a mark or signature directly. To replace scanned words, recognize text first.","Tambah tanda atau tandatangan terus. Untuk menggantikan perkataan imbasan, kenali teks dahulu.",,,
editor.openingPage,Opening page…,Membuka halaman…,,,
editor.retry,Retry,Cuba lagi,,,
editor.addText,+ Add text,+ Tambah teks,,,
editor.addSignature,+ Add signature,+ Tambah tandatangan,,,
editor.tickCross,✓ Tick / × Cross,✓ Tanda betul / × Silang,,,
editor.reloadMarks,Reload saved marks,Muat semula tanda tersimpan,,,
editor.reloadSignatures,Reload saved signatures,Muat semula tandatangan tersimpan,,,
editor.sigPlacementControls,Signature placement controls,Kawalan penempatan tandatangan,,,
editor.placeSignature,Place your signature,Letakkan tandatangan anda,,,
editor.sigDragHint,Drag to move · corner handles resize · arrow keys move · Shift + arrows resize,Seret untuk alih · pemegang sudut ubah saiz · kekunci anak panah alih · Shift + anak panah ubah saiz,,,
editor.leftPct,Left (%),Kiri (%),,,
editor.topPct,Top (%),Atas (%),,,
editor.widthPct,Width (%),Lebar (%),,,
editor.saving,Saving…,Menyimpan…,,,
editor.saveSignature,Save signature,Simpan tandatangan,,,
editor.cancel,Cancel,Batal,,,
editor.savedSigActions,Saved signature actions,Tindakan tandatangan tersimpan,,,
editor.signatureSelected,Signature selected,Tandatangan dipilih,,,
editor.moveResize,Move / resize,Alih / ubah saiz,,,
editor.deleteSignature,Delete signature,Padam tandatangan,,,
editor.fullPageWorkspace,Full-page text editing workspace,Ruang kerja penyuntingan teks halaman penuh,,,
editor.checkingOcr,Checking text recognition status…,Menyemak status pengecaman teks…,,,
editor.step1,Step 1: Recognize text,Langkah 1: Kenali teks,,,
editor.step1Body,"To replace scanned words, select Recognize text. Tick / Cross and Add signature work without it. Recognition may use the OCR service.","Untuk menggantikan perkataan imbasan, pilih Kenali teks. Tanda betul / Silang dan Tambah tandatangan berfungsi tanpanya. Pengecaman mungkin menggunakan perkhidmatan OCR.",,,
editor.recognizeText,Recognize text,Kenali teks,,,
editor.ocrToday,OCR today,OCR hari ini,,,
editor.recognitionFailed,Text recognition failed,Pengecaman teks gagal,,,
editor.tryAgainBefore,Try again before selecting words on this page.,Cuba lagi sebelum memilih perkataan pada halaman ini.,,,
editor.retryRecognition,Retry recognition,Cuba pengecaman semula,,,
editor.recognizing,Recognizing text…,Mengecam teks…,,,
editor.pleaseWait,Please wait. This page will become selectable when recognition finishes.,Sila tunggu. Halaman ini boleh dipilih apabila pengecaman selesai.,,,
editor.step2,Step 2: Select words,Langkah 2: Pilih perkataan,,,
editor.step2Body,"Drag across words on the large image, then choose Replace or Delete. Use the zoom controls for smaller print.","Seret merentasi perkataan pada imej besar, kemudian pilih Ganti atau Padam. Gunakan kawalan zum untuk cetakan yang lebih kecil.",,,
editor.imageZoomControls,Image zoom controls,Kawalan zum imej,,,
editor.zoomOut,− Zoom out,− Zum keluar,,,
editor.zoomIn,+ Zoom in,+ Zum masuk,,,
editor.panHint,Drag the page to move around. Hold Space and drag to pan from selectable text.,Seret halaman untuk bergerak. Tahan Space dan seret untuk menggerakkan dari teks boleh pilih.,,,
editor.fullPagePreviewAlt,Full page preview for selecting text,Pratonton halaman penuh untuk memilih teks,,,
editor.addYourSignature,Add your signature,Tambah tandatangan anda,,,
editor.errOpenPage,Could not open this page for text editing. Try again.,Tidak dapat membuka halaman ini untuk penyuntingan teks. Cuba lagi.,,,
editor.errOcrStart,Text recognition could not start. Try again.,Pengecaman teks tidak dapat dimulakan. Cuba lagi.,,,
editor.confirmDiscardPage,Discard your unsaved page changes?,Buang perubahan halaman yang belum disimpan?,,,
editor.confirmDiscardText,Discard your unapplied text changes?,Buang perubahan teks yang belum digunakan?,,,
editor.sigDragPlace,"Drag to place your signature, then Save.","Seret untuk meletakkan tandatangan anda, kemudian Simpan.",,,
editor.errSigOpen,Could not open this signature. Choose another image.,Tidak dapat membuka tandatangan ini. Pilih imej lain.,,,
editor.confirmDiscardSigPlacement,Discard your unsaved signature placement?,Buang penempatan tandatangan yang belum disimpan?,,,
editor.sigDragMove,Drag to move; use the corner handles to resize. Save when ready.,Seret untuk alih; guna pemegang sudut untuk ubah saiz. Simpan apabila sedia.,,,
editor.sigSaved,Signature saved. Export a new PDF to include it.,Tandatangan disimpan. Eksport PDF baharu untuk menyertakannya.,,,
editor.errSigChanged,"This signature changed elsewhere. Your draft is still here. Reload saved signatures, then review and Save again.","Tandatangan ini telah berubah di tempat lain. Draf anda masih ada. Muat semula tandatangan tersimpan, kemudian semak dan Simpan semula.",,,
editor.errSigSave,Signature could not be saved. Your draft is still here. Try Save again.,Tandatangan tidak dapat disimpan. Draf anda masih ada. Cuba Simpan semula.,,,
editor.confirmDeleteSig,Delete this signature from this page?,Padam tandatangan ini daripada halaman ini?,,,
editor.sigDeleted,Signature deleted. Your original scan is unchanged.,Tandatangan dipadam. Imbasan asal anda tidak berubah.,,,
editor.errSigDelete,Could not delete the signature. Reload saved signatures and try again.,Tidak dapat memadam tandatangan. Muat semula tandatangan tersimpan dan cuba lagi.,,,
editor.errSigDeletedElsewhere,This saved signature was deleted elsewhere. Cancel this placement to continue.,Tandatangan tersimpan ini telah dipadam di tempat lain. Batalkan penempatan ini untuk meneruskan.,,,
editor.errSigLoad,Could not load saved signatures. Try Reload saved signatures.,Tidak dapat memuatkan tandatangan tersimpan. Cuba Muat semula tandatangan tersimpan.,,,
editor.markDragPosition,"Drag to position your mark, adjust color or size, then Save.","Seret untuk meletakkan tanda anda, laraskan warna atau saiz, kemudian Simpan.",,,
editor.errMarkFit,This mark cannot fit at that position.,Tanda ini tidak muat pada kedudukan itu.,,,
editor.confirmDiscardMark,Discard your unsaved mark changes?,Buang perubahan tanda yang belum disimpan?,,,
editor.markDragMove,"Drag to move, use the corner handles to resize, then Save.","Seret untuk alih, guna pemegang sudut untuk ubah saiz, kemudian Simpan.",,,
editor.markDuplicateReady,"Duplicate ready. Drag it to another position, then Save. The original stays in place.","Pendua sedia. Seret ke kedudukan lain, kemudian Simpan. Yang asal kekal di tempatnya.",,,
editor.errMarkTooLarge,The mark is too large for this page.,Tanda ini terlalu besar untuk halaman ini.,,,
editor.errMarkRemoved,"This mark was removed elsewhere. Cancel this draft, then place a new mark.","Tanda ini telah dialih keluar di tempat lain. Batalkan draf ini, kemudian letakkan tanda baharu.",,,
editor.errMarkReloadFirst,Reload saved marks before trying Save again. Your draft is safe.,Muat semula tanda tersimpan sebelum cuba Simpan semula. Draf anda selamat.,,,
editor.confirmOverwriteMark,This mark changed elsewhere. Save your draft over its current version?,Tanda ini telah berubah di tempat lain. Simpan draf anda menggantikan versi semasa?,,,
editor.errMarkChangedReview,This mark changed elsewhere. Review your draft; Save will ask before replacing the current version.,Tanda ini telah berubah di tempat lain. Semak draf anda; Simpan akan bertanya sebelum menggantikan versi semasa.,,,
editor.markSaved,Mark saved. Export a new PDF to include it.,Tanda disimpan. Eksport PDF baharu untuk menyertakannya.,,,
editor.errMarkChangedSafe,This mark changed elsewhere. Your draft is safe. Reload saved marks and review it.,Tanda ini telah berubah di tempat lain. Draf anda selamat. Muat semula tanda tersimpan dan semaknya.,,,
editor.errMarkSave,Mark could not be saved. Your draft is still here. Try Save again.,Tanda tidak dapat disimpan. Draf anda masih ada. Cuba Simpan semula.,,,
editor.markRemoved,Mark removed. Your original scan is unchanged.,Tanda dialih keluar. Imbasan asal anda tidak berubah.,,,
editor.errMarkRemove,Could not remove the mark. Reload saved marks and try again.,Tidak dapat mengalih keluar tanda. Muat semula tanda tersimpan dan cuba lagi.,,,
editor.errMarkLoad,Could not load saved marks. Try Reload saved marks.,Tidak dapat memuatkan tanda tersimpan. Cuba Muat semula tanda tersimpan.,,,
editor.markUndone,Mark change undone.,Perubahan tanda dibuat asal.,,,
editor.markRestored,Mark change restored.,Perubahan tanda dipulihkan.,,,
editor.errMarkStale,This page changed elsewhere. Saved marks were reloaded; old Undo history was cleared.,Halaman ini telah berubah di tempat lain. Tanda tersimpan dimuat semula; sejarah Buat asal lama telah dikosongkan.,,,
editor.errMarkChange,Could not change this mark. Your Undo history is unchanged. Try again.,Tidak dapat mengubah tanda ini. Sejarah Buat asal anda tidak berubah. Cuba lagi.,,,
editor.errOcrCheck,Could not check text recognition. Try again.,Tidak dapat menyemak pengecaman teks. Cuba lagi.,,,
editor.printedTextEditor,Printed text editor,Editor teks bercetak,,,
editor.addTextTitle,Add text,Tambah teks,,,
editor.deleteSelectedText,Delete selected text,Padam teks dipilih,,,
editor.replaceSelectedText,Replace selected text,Ganti teks dipilih,,,
editor.closeEditor,Close editor,Tutup editor,,,
editor.captionExact,Exact rendered result — review before saving,Hasil terpapar tepat — semak sebelum menyimpan,,,
editor.captionAdd,Transparent text guide — drag or resize it on the page,Panduan teks lutsinar — seret atau ubah saiznya pada halaman,,,
editor.captionReplace,Transparent placement guide — old ink remains visible until you preview the exact result,Panduan penempatan lutsinar — dakwat lama kekal kelihatan sehingga anda pratonton hasil tepat,,,
editor.previewZoomControls,Preview zoom controls,Kawalan zum pratonton,,,
editor.adjustTextOrBox,Adjust text or box,Laraskan teks atau kotak,,,
editor.panHintBox,Drag the page to move around. Drag the text box to reposition it; hold Space and drag to move the page from the box.,Seret halaman untuk bergerak. Seret kotak teks untuk mengubah kedudukannya; tahan Space dan seret untuk menggerakkan halaman dari kotak.,,,
editor.scannedPreviewAlt,Scanned page preview,Pratonton halaman diimbas,,,
editor.original,Original:,Asal:,,,
editor.newText,New text,Teks baharu,,,
editor.replacementText,Replacement text,Teks ganti,,,
editor.noFont,No installed font can write these characters yet. Remove them or contact support.,Belum ada fon dipasang yang boleh menulis aksara ini. Alih keluarnya atau hubungi sokongan.,,,
editor.needsSpace,This text may need more space. Apply will check the exact fit before changing your page.,Teks ini mungkin memerlukan lebih ruang. Gunakan akan menyemak kesesuaian tepat sebelum mengubah halaman anda.,,,
editor.searchFonts,Search fonts,Cari fon,,,
editor.searchFontFamilies,Search font families,Cari keluarga fon,,,
editor.font,Font,Fon,,,
editor.sansSerif,Sans-serif,Sans-serif,,,
editor.monospace,Monospace,Monospace,,,
editor.sizePx,Size (px),Saiz (px),,,
editor.sizeInPixels,Size in pixels,Saiz dalam piksel,,,
editor.weight,Weight,Ketebalan,,,
editor.bold,Bold,Tebal,,,
editor.regular,Regular,Biasa,,,
editor.colour,Colour,Warna,,,
editor.textColour,Text colour,Warna teks,,,
editor.letterSpacing,Letter spacing,Jarak huruf,,,
editor.alignment,Alignment,Penjajaran,,,
editor.left,Left,Kiri,,,
editor.centre,Centre,Tengah,,,
editor.right,Right,Kanan,,,
editor.rendering,Rendering…,Memaparkan…,,,
editor.previewExact,Preview exact result,Pratonton hasil tepat,,,
editor.deleteText,Delete text,Padam teks,,,
editor.applyChange,Apply change,Gunakan perubahan,,,
editor.preparing,Preparing style and geometry…,Menyediakan gaya dan geometri…,,,
editor.switchedFont,Switched to {font} so these characters can be written.,Ditukar kepada {font} supaya aksara ini dapat ditulis.,,,
editor.loadingProposal,Loading style proposal…,Memuatkan cadangan gaya…,,,
editor.fontCatalogueUnavailable,Font catalogue unavailable. Recommended fonts remain available.,Katalog fon tidak tersedia. Fon disyorkan kekal tersedia.,,,
editor.addStatus,"Enter text, drag the transparent box, then preview the exact result.","Masukkan teks, seret kotak lutsinar, kemudian pratonton hasil tepat.",,,
editor.signInAdd,Sign in to add text on this page.,Log masuk untuk menambah teks pada halaman ini.,,,
editor.errStartAdd,Could not start adding text. Please try again.,Tidak dapat memulakan penambahan teks. Sila cuba lagi.,,,
editor.noSupportedFont,No supported font is available for this selection.,Tiada fon disokong tersedia untuk pilihan ini.,,,
editor.editStatus,"Edit the text, then select Preview exact result to check it.","Sunting teks, kemudian pilih Pratonton hasil tepat untuk menyemaknya.",,,
editor.lowConfidence,Low confidence font match. Review the alternatives.,Padanan fon keyakinan rendah. Semak alternatif.,,,
editor.errDisabled,Text editing is disabled on this server. An administrator must enable it before edits can be applied.,Penyuntingan teks dilumpuhkan pada pelayan ini. Pentadbir mesti mendayakannya sebelum suntingan boleh digunakan.,,,
editor.signInEdit,Sign in to edit text on this page.,Log masuk untuk menyunting teks pada halaman ini.,,,
editor.pageChanged,This page changed. Close the editor and select the words again.,Halaman ini berubah. Tutup editor dan pilih perkataan semula.,,,
editor.errSelection422,This text selection cannot be edited. Select printed words and try again.,Pilihan teks ini tidak boleh disunting. Pilih perkataan bercetak dan cuba lagi.,,,
editor.errLoadEditor,Could not load the text editor. Please try again.,Tidak dapat memuatkan editor teks. Sila cuba lagi.,,,
editor.fontPreviewUnavailable,Font preview unavailable; the server font remains selectable.,Pratonton fon tidak tersedia; fon pelayan kekal boleh dipilih.,,,
editor.adjustStatus,"Adjust the text or placement box, then preview the result again.","Laraskan teks atau kotak penempatan, kemudian pratonton hasil semula.",,,
editor.renderingExact,Rendering an exact preview. Your page is unchanged…,Memaparkan pratonton tepat. Halaman anda tidak berubah…,,,
editor.draftChanged,The draft changed while rendering. Preview it again.,Draf berubah semasa pemaparan. Pratonton semula.,,,
editor.reviewExact,"Review the exact result, then select Apply change to save it.","Semak hasil tepat, kemudian pilih Gunakan perubahan untuk menyimpannya.",,,
editor.errFontUnsupportedPreview,This font cannot write some of these characters. Choose a font for this language.,Fon ini tidak boleh menulis sesetengah aksara ini. Pilih fon untuk bahasa ini.,,,
editor.errUnsafeBgSelect,We could not clear the original ink without risking other page content. Select different words. Your page is unchanged.,Kami tidak dapat mengosongkan dakwat asal tanpa risiko kepada kandungan halaman lain. Pilih perkataan lain. Halaman anda tidak berubah.,,,
editor.errOverlapPreview,"The new letters would cover nearby text. Move or resize the transparent placement box, or use a smaller font.","Huruf baharu akan menutup teks berdekatan. Alih atau ubah saiz kotak penempatan lutsinar, atau guna fon lebih kecil.",,,
editor.errOverflowPreview,The replacement does not fit. Use a smaller font or widen the placement box.,Penggantian tidak muat. Guna fon lebih kecil atau lebarkan kotak penempatan.,,,
editor.errPreviewFailed,The preview could not be rendered. Your page is unchanged.,Pratonton tidak dapat dipaparkan. Halaman anda tidak berubah.,,,
editor.checkingFit,Checking text fit…,Menyemak kesesuaian teks…,,,
editor.renderingChange,Rendering your change…,Memaparkan perubahan anda…,,,
editor.errOverflowApply,"The text does not fit the replacement box, even after automatic fitting. Use a smaller font or widen the box. Your page is unchanged.","Teks tidak muat dalam kotak penggantian, walaupun selepas pelarasan automatik. Guna fon lebih kecil atau lebarkan kotak. Halaman anda tidak berubah.",,,
editor.errSelectionInvalid,The selected OCR words cannot be edited safely. Select the words again. Your page is unchanged.,Perkataan OCR yang dipilih tidak boleh disunting dengan selamat. Pilih perkataan semula. Halaman anda tidak berubah.,,,
editor.errApply,We could not apply this change. Review the box and try again.,Kami tidak dapat menggunakan perubahan ini. Semak kotak dan cuba lagi.,,,
editor.changeApplied,Change applied. Refreshing page…,Perubahan digunakan. Menyegarkan halaman…,,,
editor.errOverflowFail,The text does not fit the replacement box. Use a smaller font or widen the box. The previous page is unchanged.,Teks tidak muat dalam kotak penggantian. Guna fon lebih kecil atau lebarkan kotak. Halaman sebelumnya tidak berubah.,,,
editor.errUnsafeBgFail,We could not clear the original ink without risking other page content. Try a different word selection. The previous page is unchanged.,Kami tidak dapat mengosongkan dakwat asal tanpa risiko kepada kandungan halaman lain. Cuba pilihan perkataan lain. Halaman sebelumnya tidak berubah.,,,
editor.errOverlapFail,"The new letters would cover nearby text. Move or resize the transparent placement box, or use a smaller font. The previous page is unchanged.","Huruf baharu akan menutup teks berdekatan. Alih atau ubah saiz kotak penempatan lutsinar, atau guna fon lebih kecil. Halaman sebelumnya tidak berubah.",,,
editor.errFontUnsupportedFail,This font cannot write some of these characters. Choose a font for this language and try again. The previous page is unchanged.,Fon ini tidak boleh menulis sesetengah aksara ini. Pilih fon untuk bahasa ini dan cuba lagi. Halaman sebelumnya tidak berubah.,,,
editor.errFontUnavailable,This font is unavailable for rendering. Choose another font and try again. The previous page is unchanged.,Fon ini tidak tersedia untuk pemaparan. Pilih fon lain dan cuba lagi. Halaman sebelumnya tidak berubah.,,,
editor.errRenderFailed,Rendering failed. The previous page is unchanged.,Pemaparan gagal. Halaman sebelumnya tidak berubah.,,,
editor.sigIntro,Upload an image or draw below. Nothing is saved until you place it on the page.,Muat naik imej atau lukis di bawah. Tiada apa disimpan sehingga anda meletakkannya pada halaman.,,,
editor.createSignature,Create your signature,Cipta tandatangan anda,,,
editor.closeSigCreator,Close signature creator,Tutup pencipta tandatangan,,,
editor.sigInputMethod,Signature input method,Kaedah input tandatangan,,,
editor.uploadImage,Upload image,Muat naik imej,,,
editor.drawSignature,Draw signature,Lukis tandatangan,,,
editor.chooseFile,Choose PNG or JPEG · up to 5 MB,Pilih PNG atau JPEG · sehingga 5 MB,,,
editor.original2,Original,Asal,,,
editor.originalSigAlt,Original signature image,Imej tandatangan asal,,,
editor.transparentPreview,Transparent preview,Pratonton lutsinar,,,
editor.sigNoBgAlt,Signature after background removal,Tandatangan selepas penyingkiran latar belakang,,,
editor.bgRemoval,Background removal,Penyingkiran latar belakang,,,
editor.keepOriginalBg,Keep original background,Kekalkan latar belakang asal,,,
editor.sigHint,"If light pen strokes disappear, reduce the strength or keep the original. Best with ink on light paper.","Jika coretan pen yang cerah hilang, kurangkan kekuatan atau kekalkan yang asal. Terbaik dengan dakwat pada kertas cerah.",,,
editor.drawHint,"Draw with your mouse, pen or finger. The background stays transparent.","Lukis dengan tetikus, pen atau jari anda. Latar belakang kekal lutsinar.",,,
editor.drawingArea,Signature drawing area,Kawasan lukisan tandatangan,,,
editor.undoStroke,Undo stroke,Buat asal coretan,,,
editor.clear,Clear,Kosongkan,,,
editor.preparingPreview,Preparing preview…,Menyediakan pratonton…,,,
editor.visualOnly,Visual signature only — not a certified electronic signature.,Tandatangan visual sahaja — bukan tandatangan elektronik yang diperakui.,,,
editor.useSignature,Use signature →,Guna tandatangan →,,,
editor.errChooseImage,Choose a PNG or JPEG image smaller than 5 MB.,Pilih imej PNG atau JPEG yang lebih kecil daripada 5 MB.,,,
editor.errPrepareSig,Could not prepare signature.,Tidak dapat menyediakan tandatangan.,,,
editor.errPrepareDrawing,Could not prepare the drawing. Please try again.,Tidak dapat menyediakan lukisan. Sila cuba lagi.,,,
editor.markControls,Check and cross mark controls,Kawalan tanda semak dan silang,,,
editor.tickCrossTitle,Tick / Cross,Tanda betul / Silang,,,
editor.markHeadingDesc,Place a transparent mark without text recognition.,Letakkan tanda lutsinar tanpa pengecaman teks.,,,
editor.clickCheckbox,Click a checkbox on the page to place your mark. You can zoom first.,Klik kotak semak pada halaman untuk meletakkan tanda anda. Anda boleh zum dahulu.,,,
editor.mark,Mark,Tanda,,,
editor.tick,✓ Tick,✓ Tanda betul,,,
editor.cross,× Cross,× Silang,,,
editor.quickColors,Quick mark colors,Warna tanda pantas,,,
editor.markSwatch,{color} mark,Tanda {color},,,
editor.colorBlack,Black,Hitam,,,
editor.colorBlue,Blue,Biru,,,
editor.colorRed,Red,Merah,,,
editor.colorGreen,Green,Hijau,,,
editor.customColor,Custom color,Warna tersuai,,,
editor.sizeLabel,Size {value}%,Saiz {value}%,,,
editor.thickness,Thickness {value}%,Ketebalan {value}%,,,
editor.saveMark,Save mark,Simpan tanda,,,
editor.moveStyle,Move / style,Alih / gaya,,,
editor.duplicateMark,Duplicate mark,Duplikasi tanda,,,
editor.deleteSelectedMark,Delete selected mark,Padam tanda dipilih,,,
editor.undoMark,Undo mark,Buat asal tanda,,,
editor.redoMark,Redo mark,Buat semula tanda,,,
editor.ocrStatusLabel,Text recognition status,Status pengecaman teks,,,
editor.textRecognition,Text recognition,Pengecaman teks,,,
editor.makeSearchable,Make this page searchable and ready for future text editing.,Jadikan halaman ini boleh dicari dan sedia untuk penyuntingan teks akan datang.,,,
editor.starting,Starting…,Memulakan…,,,
editor.waitingOcr,Waiting for text recognition…,Menunggu pengecaman teks…,,,
editor.recognizingPrintedHandwritten,Recognizing printed and handwritten text…,Mengecam teks bercetak dan tulisan tangan…,,,
editor.elementsRecognized,{count} text elements recognized,{count} elemen teks dikenali,,,
editor.confidencePct,{percent}% confidence,{percent}% keyakinan,,,
editor.completedAt,Completed {date},Selesai {date},,,
editor.ocrNotFinished,Text recognition did not finish. Your scan is unchanged.,Pengecaman teks tidak selesai. Imbasan anda tidak berubah.,,,
editor.retrying,Retrying…,Mencuba semula…,,,
editor.retryOcr,Retry text recognition,Cuba pengecaman teks semula,,,
editor.checkingOcrShort,Checking text recognition…,Menyemak pengecaman teks…,,,
editor.errOcrUnavailable,Text recognition is not available right now. Please try again.,Pengecaman teks tidak tersedia sekarang. Sila cuba lagi.,,,
editor.errOcrRefresh,We could not refresh text recognition. Please try again.,Kami tidak dapat menyegarkan pengecaman teks. Sila cuba lagi.,,,
editor.selectableText,Selectable recognized text,Teks dikenali yang boleh dipilih,,,
editor.selectionHelp,"Drag across recognized words to select them. Use arrow keys to move, Shift with an arrow key to extend the selection, Enter to select one word, and Escape to clear.","Seret merentasi perkataan dikenali untuk memilihnya. Guna kekunci anak panah untuk bergerak, Shift dengan anak panah untuk melanjutkan pilihan, Enter untuk memilih satu perkataan, dan Escape untuk mengosongkan.",,,
editor.oneWord,{count} word,{count} perkataan,,,
editor.manyWords,{count} words,{count} perkataan,,,
editor.typePrinted,Printed,Bercetak,,,
editor.typeHandwritten,Handwritten,Tulisan tangan,,,
editor.typeMixed,Mixed,Campuran,,,
editor.typeUnknown,Unknown,Tidak diketahui,,,
editor.editSelectedText,Edit selected text,Sunting teks dipilih,,,
editor.handwritingUnavailable,Handwritten text editing is not available yet.,Penyuntingan teks tulisan tangan belum tersedia.,,,
editor.noSelectableText,No selectable text detected,Tiada teks boleh dipilih dikesan,,,
editor.replacementBoxLabel,"Replacement preview box. Arrow keys move, Shift and arrow keys resize.","Kotak pratonton penggantian. Kekunci anak panah alih, Shift dan anak panah ubah saiz.",,,
editor.resizeHandle,Resize {handle},Ubah saiz {handle},,,
editor.placementGuide,Placement guide,Panduan penempatan,,,
editor.collision,Other text overlaps this transparent guide. Only actual new letters that cover other words will be blocked.,Teks lain bertindih dengan panduan lutsinar ini. Hanya huruf baharu sebenar yang menutup perkataan lain akan disekat.,,,
pages.look.Magic.label,Magic scan,Imbasan ajaib,,,
pages.look.Original.label,Original,Asal,,,
pages.look.Document.label,Document,Dokumen,,,
pages.look.Bright.label,Bright,Cerah,,,
pages.look.RemoveShadows.label,No shadow,Tanpa bayang,,,
pages.look.Grayscale.label,Grayscale,Skala kelabu,,,
pages.look.BlackAndWhite.label,Black & white,Hitam & putih,,,
pages.look.Magic.help,"Recommended. Flattens the page, turns paper white and ink crisp, clears desk edges and punch holes. Colourful cards keep their colours.","Disyorkan. Meratakan halaman, memutihkan kertas dan menajamkan dakwat, serta membuang tepi meja dan lubang tebuk. Kad berwarna kekal berwarna.",,,
pages.look.Original.help,The flattened photo with its own colours and lighting. Nothing is cleaned.,Foto yang diratakan dengan warna dan pencahayaannya sendiri. Tiada apa-apa dibersihkan.,,,
pages.look.Document.help,Gentle contrast and sharpening.,Kontras dan penajaman yang lembut.,,,
pages.look.Bright.help,Lightens a dark photo while keeping its colours.,Mencerahkan foto yang gelap sambil mengekalkan warnanya.,,,
pages.look.RemoveShadows.help,Evens out uneven lighting while keeping ink colours and faint strokes.,Meratakan pencahayaan yang tidak sekata sambil mengekalkan warna dakwat dan garisan halus.,,,
pages.look.Grayscale.help,Removes colour and keeps shades of grey.,Membuang warna dan mengekalkan rona kelabu.,,,
pages.look.BlackAndWhite.help,Crisp black text on white. Faint handwriting may disappear.,Teks hitam yang tajam di atas putih. Tulisan tangan yang pudar mungkin hilang.,,,
pages.look.retired.help,This page uses a look that is no longer offered. Choose one of the looks above to replace it.,Halaman ini menggunakan rupa yang tidak lagi ditawarkan. Pilih salah satu rupa di atas untuk menggantikannya.,,,
pages.crop.title,Make your scan look its best,Hasilkan imbasan terbaik anda,,,
pages.crop.backImport,Back to import,Kembali ke import,,,
pages.crop.backDoc,Back to document,Kembali ke dokumen,,,
pages.crop.currentPage,Current page,Halaman semasa,,,
pages.crop.currentThumb,Current page thumbnail,Lakaran kecil halaman semasa,,,
pages.crop.allPages,All pages,Semua halaman,,,
pages.crop.adjustFour,Adjust the four corners,Laraskan empat penjuru,,,
pages.crop.originalPhoto,Original photo,Foto asal,,,
pages.crop.yourScan,Your scan,Imbasan anda,,,
pages.crop.zoomOut,Zoom out,Zum keluar,,,
pages.crop.zoomIn,Zoom in,Zum masuk,,,
pages.crop.showResult,Show result,Tunjuk hasil,,,
pages.crop.compare,Compare original,Banding dengan asal,,,
pages.crop.cornerAria,{corner} corner. Use arrow keys to adjust.,Penjuru {corner}. Gunakan kekunci anak panah untuk melaraskan.,,,
pages.crop.corner0,Top left,Kiri atas,,,
pages.crop.corner1,Top right,Kanan atas,,,
pages.crop.corner2,Bottom right,Kanan bawah,,,
pages.crop.corner3,Bottom left,Kiri bawah,,,
pages.crop.dragAlt,Drag the four corners onto the paper edges,Seret empat penjuru ke tepi kertas,,,
pages.crop.processedAlt,Processed scan,Imbasan diproses,,,
pages.crop.opening,Opening your page…,Membuka halaman anda…,,,
pages.crop.findingEdges,Finding paper edges…,Mencari tepi kertas…,,,
pages.crop.updating,Updating your scan…,Mengemas kini imbasan anda…,,,
pages.crop.chooseAnother,You can choose another look while this finishes.,Anda boleh memilih gaya lain sementara ini selesai.,,,
pages.crop.notSaved,Changes have not been saved.,Perubahan belum disimpan.,,,
pages.crop.preparing,Preparing your changes…,Menyediakan perubahan anda…,,,
pages.crop.savedReady,Changes saved automatically · Ready to use,Perubahan disimpan secara automatik · Sedia digunakan,,,
pages.crop.controls,Enhancement controls,Kawalan penambahbaikan,,,
pages.crop.rotatePage,Rotate page,Putar halaman,,,
pages.crop.rotateLeft,Rotate left,Putar ke kiri,,,
pages.crop.rotateRight,Rotate right,Putar ke kanan,,,
pages.crop.rotation,Rotation: {degrees}°,Putaran: {degrees}°,,,
pages.crop.closeCrop,Close crop,Tutup pemangkasan,,,
pages.crop.adjustCrop,Adjust crop,Laraskan pemangkasan,,,
pages.crop.placeCorner,Place each corner on the paper edge.,Letakkan setiap penjuru pada tepi kertas.,,,
pages.crop.autoDetect,Auto detect,Kesan automatik,,,
pages.crop.fullPhoto,Full photo,Foto penuh,,,
pages.crop.applyCrop,Apply crop,Guna pemangkasan,,,
pages.crop.clockwise,Keep the four corners in clockwise order.,Kekalkan empat penjuru mengikut arah jam.,,,
pages.crop.chooseLook,Choose a look,Pilih gaya,,,
pages.crop.retry,Retry changes,Cuba semula perubahan,,,
pages.crop.reloadStatus,Reload status,Muat semula status,,,
pages.crop.reloadResult,Reload result,Muat semula hasil,,,
pages.crop.originalKept,Your original photo is kept. You can change the look anytime.,Foto asal anda disimpan. Anda boleh menukar gaya bila-bila masa.,,,
pages.crop.done,Done,Selesai,,,
pages.crop.filter.Magic.label,Magic scan,Imbasan Magic,,,
pages.crop.filter.Magic.desc,"Default for photos: flatten the page to its true proportions, turn paper white and ink crisp, and clear desk edges and punch holes. Colourful cards keep their colours.","Lalai untuk foto: ratakan halaman kepada bentuk sebenar, jadikan kertas putih dan dakwat tajam, serta buang tepi meja dan lubang tebuk. Kad berwarna mengekalkan warnanya.",,,
pages.crop.filter.Original.label,Original,Asal,,,
pages.crop.filter.Original.desc,Keep the photo’s colors without enhancement.,Kekalkan warna foto tanpa penambahbaikan.,,,
pages.crop.filter.Document.label,Document,Dokumen,,,
pages.crop.filter.Document.desc,Improve contrast and gently sharpen text.,Tingkatkan kontras dan tajamkan teks dengan lembut.,,,
pages.crop.filter.Bright.label,Bright,Cerah,,,
pages.crop.filter.Bright.desc,Lighten a dark photo while keeping its colors.,Cerahkan foto gelap sambil mengekalkan warnanya.,,,
pages.crop.filter.RemoveShadows.label,Faithful scan,Imbasan setia,,,
pages.crop.filter.RemoveShadows.desc,Reduce uneven lighting while retaining ink colors and faint strokes. No OCR rewriting or automatic erasing of marks.,Kurangkan pencahayaan tidak sekata sambil mengekalkan warna dakwat dan coretan halus. Tiada penulisan semula OCR atau pemadaman tanda secara automatik.,,,
pages.crop.filter.Grayscale.label,Grayscale,Skala kelabu,,,
pages.crop.filter.Grayscale.desc,Remove color and retain shades of gray.,Buang warna dan kekalkan nada kelabu.,,,
pages.crop.filter.BlackAndWhite.label,Black & White,Hitam & Putih,,,
pages.crop.filter.BlackAndWhite.desc,Create crisp black text on white. Faint handwriting may disappear.,Hasilkan teks hitam tajam di atas putih. Tulisan tangan yang pudar mungkin hilang.,,,
pages.crop.err.unavailable,The crop editor is unavailable. Only accepted JPG and PNG photos can be adjusted.,Penyunting pemangkasan tidak tersedia. Hanya foto JPG dan PNG yang diterima boleh dilaraskan.,,,
pages.crop.err.failed,"The crop could not be processed. Adjust the corners and apply again, or retry Auto detect.","Pemangkasan tidak dapat diproses. Laraskan penjuru dan guna semula, atau cuba Kesan automatik lagi.",,,
pages.crop.err.status,Could not read the crop status. Reload and try again.,Tidak dapat membaca status pemangkasan. Muat semula dan cuba lagi.,,,
pages.crop.err.conflict,This crop was changed in another session. Reload before applying your changes.,Pemangkasan ini diubah dalam sesi lain. Muat semula sebelum menggunakan perubahan anda.,,,
pages.crop.err.save,Could not save this crop. Check the corners and try again.,Tidak dapat menyimpan pemangkasan ini. Semak penjuru dan cuba lagi.,,,
pages.crop.err.preview,"Your scan was saved, but its preview could not load. Reload the result.","Imbasan anda telah disimpan, tetapi pratonton tidak dapat dimuatkan. Muat semula hasil.",,,
pages.clean.cancel,← Cancel cleanup,← Batal pembersihan,,,
pages.clean.title,Clean page,Bersihkan halaman,,,
pages.clean.viewControls,Page view controls,Kawalan paparan halaman,,,
pages.clean.zoomOut,− Zoom out,− Zum keluar,,,
pages.clean.zoom,Zoom {percent}%,Zum {percent}%,,,
pages.clean.zoomIn,+ Zoom in,+ Zum masuk,,,
pages.clean.panOn,Pan page on,Pan halaman hidup,,,
pages.clean.pan,Pan page,Pan halaman,,,
pages.clean.tools,Cleanup tools,Alat pembersihan,,,
pages.clean.rectangle,Rectangle,Segi empat,,,
pages.clean.brush,Brush,Berus,,,
pages.clean.erase,Erase selection,Padam pilihan,,,
pages.clean.brushSize,Brush size,Saiz berus,,,
pages.clean.fine,Fine,Halus,,,
pages.clean.medium,Medium,Sederhana,,,
pages.clean.wide,Wide,Lebar,,,
pages.clean.finding,Finding holes…,Mencari lubang…,,,
pages.clean.findHoles,Find punch holes,Cari lubang tebuk,,,
pages.clean.original,Original,Asal,,,
pages.clean.originalAlt,Original page for cleanup,Halaman asal untuk pembersihan,,,
pages.clean.previewNotApplied,Preview — not yet applied,Pratonton — belum digunakan,,,
pages.clean.previewAlt,Cleanup preview,Pratonton pembersihan,,,
pages.clean.selected,Selected areas,Kawasan dipilih,,,
pages.clean.undo,Undo selection,Buat asal pilihan,,,
pages.clean.clearAll,Clear all,Kosongkan semua,,,
pages.clean.removeArea,Remove area {n},Buang kawasan {n},,,
pages.clean.removeStroke,Remove brush stroke {n},Buang sapuan berus {n},,,
pages.clean.previewCleanup,Preview cleanup,Pratonton pembersihan,,,
pages.clean.discard,Discard preview,Buang pratonton,,,
pages.clean.apply,Apply to page,Guna pada halaman,,,
pages.clean.loading,Loading page…,Memuatkan halaman…,,,
pages.clean.notice.initial,Drag a small rectangle around a hole or unwanted mark. Review before applying.,Seret segi empat kecil di sekeliling lubang atau tanda yang tidak diingini. Semak sebelum menggunakan.,,,
pages.clean.err.open,Could not open this page for cleanup. Reload and try again.,Tidak dapat membuka halaman ini untuk pembersihan. Muat semula dan cuba lagi.,,,
pages.clean.err.limit,Limit reached: remove an area before adding another.,Had dicapai: buang satu kawasan sebelum menambah yang lain.,,,
pages.clean.err.small,"Choose a small area, no more than 3% of the page.","Pilih kawasan kecil, tidak melebihi 3% halaman.",,,
pages.clean.notice.looking,Looking for possible punch holes. Suggestions will not change the page.,Mencari kemungkinan lubang tebuk. Cadangan tidak akan mengubah halaman.,,,
pages.clean.err.detect,Could not detect holes. You can still draw small areas manually.,Tidak dapat mengesan lubang. Anda masih boleh melukis kawasan kecil secara manual.,,,
pages.clean.err.holesFailed,Hole detection failed. Draw areas manually.,Pengesanan lubang gagal. Lukis kawasan secara manual.,,,
pages.clean.notice.found,Found {count} possible holes. Remove any incorrect areas before previewing.,{count} kemungkinan lubang ditemui. Buang kawasan yang salah sebelum pratonton.,,,
pages.clean.notice.none,No confident holes found. You can draw small areas manually.,Tiada lubang yang pasti ditemui. Anda boleh melukis kawasan kecil secara manual.,,,
pages.clean.err.suggestions,Could not load suggestions. Draw areas manually.,Tidak dapat memuatkan cadangan. Lukis kawasan secara manual.,,,
pages.clean.err.cover,Selected areas cover more than 5% of the page. Remove or shrink some areas.,Kawasan dipilih meliputi lebih 5% halaman. Buang atau kecilkan beberapa kawasan.,,,
pages.clean.notice.preparing,Preparing a private preview. Your page has not changed.,Menyediakan pratonton peribadi. Halaman anda tidak berubah.,,,
pages.clean.err.prepare,Could not prepare cleanup. Reload the page and try again.,Tidak dapat menyediakan pembersihan. Muat semula halaman dan cuba lagi.,,,
pages.clean.err.previewFailed,Cleanup preview failed. Adjust the area and try again.,Pratonton pembersihan gagal. Laraskan kawasan dan cuba lagi.,,,
pages.clean.notice.compare,Compare the preview with the original. Apply only if all text and lines are intact.,Banding pratonton dengan asal. Guna hanya jika semua teks dan garisan utuh.,,,
pages.clean.err.loadPreview,Could not load the preview. Try again.,Tidak dapat memuatkan pratonton. Cuba lagi.,,,
pages.clean.err.apply,Page changed or could not be saved. The original page is unchanged.,Halaman berubah atau tidak dapat disimpan. Halaman asal tidak berubah.,,,
pages.import.title,Import pages,Import halaman,,,
pages.import.close,Close,Tutup,,,
pages.import.fileOne,file,fail,,,
pages.import.fileMany,files,fail,,,
pages.import.failed,{count} {files} could not be imported{names}.,{count} {files} tidak dapat diimport{names}.,,,
pages.import.skipped,Page {n} was not changed: {reason},Halaman {n} tidak diubah: {reason},,,
pages.import.skipTextEdits,it has text edits. Undo them in Edit first.,ia mempunyai suntingan teks. Buat asal dahulu dalam Sunting.,,,
pages.import.skipUnsupported,this page can’t be adjusted here.,halaman ini tidak boleh dilaraskan di sini.,,,
pages.import.tryAgain,Try again,Cuba lagi,,,
pages.import.pages,Pages,Halaman,,,
pages.import.pageAria,"Page {n}, {chip}","Halaman {n}, {chip}",,,
pages.import.chip.Ready,Ready,Sedia,,,
pages.import.chip.Finding,Finding edges…,Mencari tepi…,,,
pages.import.chip.Applying,Applying look…,Menggunakan gaya…,,,
pages.import.chip.Check,Check corners,Semak penjuru,,,
pages.import.chip.Failed,Could not import,Tidak dapat diimport,,,
pages.import.chip.Deferred,Look will apply when ready,Gaya akan digunakan apabila sedia,,,
pages.import.railEmpty,Pages appear here as they are prepared.,Halaman muncul di sini apabila disediakan.,,,
pages.import.loading,Loading…,Memuatkan…,,,
pages.import.addPhotos,Add photos or PDF,Tambah foto atau PDF,,,
pages.import.zoomOut,Zoom out,Zum keluar,,,
pages.import.zoomIn,Zoom in,Zum masuk,,,
pages.import.showingOriginal,Showing original photo,Menunjukkan foto asal,,,
pages.import.compareOriginal,Compare with original,Banding dengan asal,,,
pages.import.originalAlt,Original photo of the selected page,Foto asal halaman dipilih,,,
pages.import.previewAlt,Preview of the selected page,Pratonton halaman dipilih,,,
pages.import.loadingPreview,Loading preview…,Memuatkan pratonton…,,,
pages.import.preparingPages,Preparing your pages…,Menyediakan halaman anda…,,,
pages.import.openingPages,Opening your pages…,Membuka halaman anda…,,,
pages.import.pageSettings,Page settings,Tetapan halaman,,,
pages.import.thisPage,This page,Halaman ini,,,
pages.import.rotateLeft,Rotate left,Putar ke kiri,,,
pages.import.rotateRight,Rotate right,Putar ke kanan,,,
pages.import.adjustCorners,Adjust corners,Laraskan penjuru,,,
pages.import.cantRotate,This page can’t be rotated or re-cropped here.,Halaman ini tidak boleh diputar atau dipangkas semula di sini.,,,
pages.import.look,Look,Gaya,,,
pages.import.applyAll,Apply this look to all pages,Guna gaya ini pada semua halaman,,,
pages.import.footerNote,Your original photos are always kept. You can change the look later in Edit.,Foto asal anda sentiasa disimpan. Anda boleh menukar gaya kemudian dalam Sunting.,,,
pages.import.uploadOriginals,Upload originals without changes,Muat naik asal tanpa perubahan,,,
pages.import.applying,Applying your changes…,Menggunakan perubahan anda…,,,
pages.import.confirm,Confirm,Sahkan,,,
pages.import.sum.page,page,halaman,,,
pages.import.sum.pageMany,pages,halaman,,,
pages.import.sum.count,{count} {pages},{count} {pages},,,
pages.import.sum.none,No pages to review.,Tiada halaman untuk disemak.,,,
pages.import.sum.applyingLooks,applying looks…,menggunakan gaya…,,,
pages.import.sum.findingEdges,finding edges…,mencari tepi…,,,
pages.import.sum.needs1,{count} page needs a quick check,{count} halaman perlu semakan pantas,,,
pages.import.sum.needsN,{count} pages need a quick check,{count} halaman perlu semakan pantas,,,
pages.import.proc.finding,Finding the page edges…,Mencari tepi halaman…,,,
pages.import.proc.preparing,Preparing your page…,Menyediakan halaman anda…,,,
pages.import.proc.applying,Applying {what}…,Menggunakan {what}…,,,
pages.import.proc.changes,your changes,perubahan anda,,,
pages.import.err.original,Could not load the original photo. Please try again.,Tidak dapat memuatkan foto asal. Sila cuba lagi.,,,
pages.import.confirmLeave,Some changes are waiting for pages that are still being prepared. Leave without applying them?,Sesetengah perubahan menunggu halaman yang masih disediakan. Keluar tanpa menggunakannya?,,,
pages.import.err.loadPages,Could not load your pages. Retrying…,Tidak dapat memuatkan halaman anda. Mencuba semula…,,,
pages.import.err.update,Some pages could not be updated. Please try again.,Sesetengah halaman tidak dapat dikemas kini. Sila cuba lagi.,,,
pages.card.preview,Preview pending,Pratonton belum sedia,,,
pages.card.drag,Drag to reorder,Seret untuk susun semula,,,
pages.card.dragAria,Drag page to reorder,Seret halaman untuk susun semula,,,
pages.card.page,Page {n},Halaman {n},,,
pages.card.pageAria,"Page {n}, {state}","Halaman {n}, {state}",,,
pages.card.thumb,Thumbnail of page {n},Lakaran kecil halaman {n},,,
pages.card.filter,Filter: {name},Penapis: {name},,,
pages.card.crop,Crop & filters,Pangkas & penapis,,,
pages.card.clean,Clean page,Bersihkan halaman,,,
pages.card.editText,✎ Edit text,✎ Sunting teks,,,
pages.card.original,Original,Asal,,,
pages.card.orderControls,Page order controls,Kawalan susunan halaman,,,
pages.card.moveEarlier,Move page {n} earlier,Alih halaman {n} ke hadapan,,,
pages.card.moveLater,Move page {n} later,Alih halaman {n} ke belakang,,,
pages.card.earlier,← Earlier,← Lebih awal,,,
pages.card.later,Later →,Lebih lewat →,,,
pages.card.remove,Remove page,Buang halaman,,,
pages.state.Ready,Ready,Sedia,,,
pages.state.Processing,Processing,Sedang diproses,,,
pages.state.Importing,Importing,Sedang diimport,,,
pages.state.Failed,Failed,Gagal,,,
pages.state.Queued,Queued,Dalam baris gilir,,,
pages.state.Pending,Pending,Menunggu,,,
pages.state.Accepted,Accepted,Diterima,,,
pages.state.Rejected,Rejected,Ditolak,,,
pages.state.Detecting,Detecting,Sedang mengesan,,,
pages.add.eyebrow,Add to document,Tambah ke dokumen,,,
pages.add.title,Add pages,Tambah halaman,,,
pages.add.close,Close add pages,Tutup tambah halaman,,,
pages.add.choose,Choose photos or PDFs,Pilih foto atau PDF,,,
pages.add.more,Select more than one file if needed.,Pilih lebih daripada satu fail jika perlu.,,,
pages.add.selected,{count} {files} selected,{count} {files} dipilih,,,
pages.add.file,file,fail,,,
pages.add.files,files,fail,,,
pages.add.cancel,Cancel,Batal,,,
pages.add.adding,Adding…,Menambah…,,,
pages.add.addSelected,Add selected files,Tambah fail dipilih,,,
pages.add.creating,Creating pages {created}/{total},Mencipta halaman {created}/{total},,,
pages.add.stage.preparing,preparing,menyediakan,,,
pages.add.stage.uploading,uploading,memuat naik,,,
pages.add.stage.validating,validating,mengesahkan,,,
pages.add.stage.accepted,accepted,diterima,,,
pages.add.stage.expanding,expanding,mengembangkan,,,
pages.add.stage.rejected,rejected,ditolak,,,
pages.add.stage.failed,failed,gagal,,,
pages.add.stage.error,error,ralat,,,
pages.add.stage.idle,idle,melahu,,,
pages.status.checking,Checking your scan,Menyemak imbasan anda,,,
pages.status.loading,Loading the latest secure status…,Memuatkan status selamat terkini…,,,
pages.status.validating,Validating securely,Mengesahkan dengan selamat,,,
pages.status.validatingBody,"We’re checking the file type, integrity, and safety. You can leave this page and return later.","Kami menyemak jenis fail, integriti dan keselamatan. Anda boleh meninggalkan halaman ini dan kembali kemudian.",,,
pages.status.accepted,Upload accepted,Muat naik diterima,,,
pages.status.acceptedBody,Scan accepted. Your original file passed validation and is ready for processing.,Imbasan diterima. Fail asal anda lulus pengesahan dan sedia untuk diproses.,,,
pages.status.openPreview,Open document preview,Buka pratonton dokumen,,,
pages.status.rejected,This scan could not be accepted,Imbasan ini tidak dapat diterima,,,
pages.status.rejectedBody,"For your safety, the file was removed. Check the format and try a different file.","Demi keselamatan anda, fail telah dibuang. Semak format dan cuba fail lain.",,,
pages.status.unavailable,Status unavailable,Status tidak tersedia,,,
pages.status.unavailableBody,We could not load this scan’s status. Please try again later.,Kami tidak dapat memuatkan status imbasan ini. Sila cuba lagi nanti.,,,
pages.status.back,Back to documents,Kembali ke dokumen,,,
pages.rail.pages,Pages,Halaman,,,
pages.rail.page,Page {n},Halaman {n},,,
pages.rail.thumb,Thumbnail of page {n},Lakaran kecil halaman {n},,,
pages.rail.moveEarlierAria,Move page {n} earlier,Alih halaman {n} ke hadapan,,,
pages.rail.moveEarlier,Move earlier,Alih ke hadapan,,,
pages.rail.moveLaterAria,Move page {n} later,Alih halaman {n} ke belakang,,,
pages.rail.moveLater,Move later,Alih ke belakang,,,
pages.rail.removeAria,Remove page {n},Buang halaman {n},,,
pages.rail.remove,Remove page,Buang halaman,,,
pages.rail.add,Add pages,Tambah halaman,,,
pages.rail.confirm,Remove page {n} from this document?,Buang halaman {n} daripada dokumen ini?,,,
pages.rail.removed,Page {n} was removed.,Halaman {n} telah dibuang.,,,
pages.rail.err.remove,We could not remove this page. Please try again.,Kami tidak dapat membuang halaman ini. Sila cuba lagi.,,,
pages.rail.added,New pages were added to the document.,Halaman baharu telah ditambah ke dokumen.,,,
pages.rail.saved,Page order saved.,Susunan halaman disimpan.,,,
pages.rail.changed,Page order changed in another session. The latest order has been restored.,Susunan halaman berubah dalam sesi lain. Susunan terkini telah dipulihkan.,,,
pages.rail.err.save,We could not save the page order. Please try again.,Kami tidak dapat menyimpan susunan halaman. Sila cuba lagi.,,,
pages.login.back,← Back to scanner,← Kembali ke pengimbas,,,
pages.login.eyebrow,OPTIONAL ACCOUNT,AKAUN PILIHAN,,,
pages.login.create,Create your account,Cipta akaun anda,,,
pages.login.signIn,Sign in,Log masuk,,,
pages.login.intro,Save your workspace and prepare for future premium features.,Simpan ruang kerja anda dan bersedia untuk ciri premium akan datang.,,,
pages.login.google,Continue with Google,Teruskan dengan Google,,,
pages.login.orEmail,or use email,atau guna e-mel,,,
pages.login.email,Email address,Alamat e-mel,,,
pages.login.password,Password,Kata laluan,,,
pages.login.createBtn,Create account,Cipta akaun,,,
pages.login.emailBtn,Sign in with email,Log masuk dengan e-mel,,,
pages.login.haveAccount,Already have an account? Sign in,Sudah ada akaun? Log masuk,,,
pages.login.newHere,New here? Create an account,Baharu di sini? Cipta akaun,,,
pages.login.busy,Opening secure sign-in…,Membuka log masuk selamat…,,,
pages.login.free,Scanning remains free without an account.,Pengimbasan kekal percuma tanpa akaun.,,,
pages.login.maker,Arks Scanner is made by,Arks Scanner dibuat oleh,,,
pages.login.err.domain,Sign-in is not configured for this website address. Please contact support.,Log masuk tidak dikonfigurasi untuk alamat laman web ini. Sila hubungi sokongan.,,,
pages.login.err.inUse,This Google account already has a workspace. Sign in to that existing account to continue.,Akaun Google ini sudah mempunyai ruang kerja. Log masuk ke akaun sedia ada itu untuk meneruskan.,,,
pages.login.err.cancelled,Sign-in was cancelled.,Log masuk dibatalkan.,,,
pages.login.err.popup,Your browser blocked the sign-in window. Please allow popups and try again.,Pelayar anda menyekat tetingkap log masuk. Sila benarkan pop timbul dan cuba lagi.,,,
pages.login.err.different,This email already uses another sign-in method.,E-mel ini sudah menggunakan kaedah log masuk lain.,,,
pages.login.err.exists,An account already exists for this email.,Akaun sudah wujud untuk e-mel ini.,,,
pages.login.err.weak,Use a password with at least 6 characters.,Gunakan kata laluan sekurang-kurangnya 6 aksara.,,,
pages.login.err.invalid,The email or password is incorrect.,E-mel atau kata laluan tidak betul.,,,
pages.login.err.notEnabled,This sign-in method is not enabled yet.,Kaedah log masuk ini belum diaktifkan.,,,
pages.login.err.network,Network unavailable. Please try again.,Rangkaian tidak tersedia. Sila cuba lagi.,,,
pages.login.err.generic,We could not sign you in. Please try again.,Kami tidak dapat melog masuk anda. Sila cuba lagi.,,,
ws.backToDocs,Back to my documents,Kembali ke dokumen saya,,,
ws.myDocuments,My documents,Dokumen saya,,,
ws.loadingDocument,Loading document…,Memuatkan dokumen…,,,
ws.page,page,halaman,,,
ws.pages,pages,halaman,,,
ws.pagesOne,{count} page,{count} halaman,,,
ws.pagesMany,{count} pages,{count} halaman,,,
ws.workspace,Workspace,Ruang kerja,,,
ws.viewTools,View tools,Alat paparan,,,
ws.pointer,Pointer,Penuding,,,
ws.selectText,Select text,Pilih teks,,,
ws.pan,Pan,Gerak,,,
ws.layout,Layout,Susun atur,,,
ws.layout.continuous,Continuous,Berterusan,,,
ws.layout.single,Single page,Satu halaman,,,
ws.layout.double,Two pages,Dua halaman,,,
ws.new,New,Baharu,,,
ws.zoom,Zoom,Zum,,,
ws.zoomOut,Zoom out,Zum keluar,,,
ws.zoomIn,Zoom in,Zum masuk,,,
ws.fitWidth,Fit width,Muat lebar,,,
ws.editTools,Edit tools,Alat sunting,,,
ws.searchInDocument,Search in document,Cari dalam dokumen,,,
ws.searchPlaceholder,Search recognized text,Cari teks yang dikenali,,,
ws.previous,Previous,Sebelumnya,,,
ws.previousResult,Previous result,Hasil sebelumnya,,,
ws.next,Next,Seterusnya,,,
ws.nextResult,Next result,Hasil seterusnya,,,
ws.recognizing,Recognizing text…,Mengenal pasti teks…,,,
ws.recognizeOne,Recognize 1 page,Kenal pasti 1 halaman,,,
ws.recognizeMany,Recognize {count} pages,Kenal pasti {count} halaman,,,
ws.closeSearch,Close search,Tutup carian,,,
ws.exportOptions,Export options,Pilihan eksport,,,
ws.exportAs,Export as,Eksport sebagai,,,
ws.export.pdf,PDF,PDF,,,
ws.export.print,Print,Cetak,,,
ws.export.original,Original file,Fail asal,,,
ws.someFailed,Some pages could not be processed.,Sesetengah halaman tidak dapat diproses.,,,
ws.retrying,Retrying…,Mencuba semula…,,,
ws.retryFailed,Retry failed pages,Cuba semula halaman yang gagal,,,
ws.reload,Reload,Muat semula,,,
ws.loginRequired,Log in required,Log masuk diperlukan,,,
ws.loginToUse,Log in to use {tool},Log masuk untuk menggunakan {tool},,,
ws.loginBody,"Editing text, adding text, signatures and ticks need an account, so your changes are saved to you. Your documents stay with you when you log in.","Menyunting teks, menambah teks, tandatangan dan tanda semak memerlukan akaun supaya perubahan anda disimpan untuk anda. Dokumen anda kekal bersama anda apabila anda log masuk.",,,
ws.logIn,Log in,Log masuk,,,
ws.notNow,Not now,Bukan sekarang,,,
ws.pageEditor,Page editor,Penyunting halaman,,,
ws.documentPages,Document pages,Halaman dokumen,,,
ws.editPanel,Edit panel,Panel sunting,,,
ws.exportPanel,Export panel,Panel eksport,,,
ws.searchOf,{n} of {total},{n} daripada {total},,,
ws.noResults,No results,Tiada hasil,,,
ws.pageN,Page {n},Halaman {n},,,
ws.notRecognizedYet,{pages} not recognized yet,{pages} belum dikenal pasti,,,
ws.recognizeStartFailed,Some pages could not start recognition. Try again.,Sesetengah halaman tidak dapat memulakan pengecaman. Cuba lagi.,,,
ws.loadFailed,We could not load this document. Please try again.,Kami tidak dapat memuatkan dokumen ini. Sila cuba lagi.,,,
ws.restartFailed,Could not restart processing. Please try again.,Tidak dapat memulakan semula pemprosesan. Sila cuba lagi.,,,
ws.group.page,Page,Halaman,,,
ws.group.text,Text,Teks,,,
ws.group.signMark,Sign & mark,Tandatangan & tanda,,,
ws.groupTools,{group} tools,Alat {group},,,
ws.pageHistory,Page history,Sejarah halaman,,,
ws.undo,Undo,Buat asal,,,
ws.redo,Redo,Buat semula,,,
ws.noSavedChanges,No saved changes on this page yet.,Belum ada perubahan disimpan pada halaman ini.,,,
ws.versionsOfPage,{count} versions of this page. Choose one to go back to it.,{count} versi halaman ini. Pilih satu untuk kembali kepadanya.,,,
ws.current,current,semasa,,,
ws.historyAdded,Added {text},Ditambah {text},,,
ws.historyReplaced,Replaced {original} with {replacement},{original} diganti dengan {replacement},,,
ws.historyDeleted,Deleted {text},Dipadam {text},,,
ws.originalPage,Original page,Halaman asal,,,
ws.historyUnavailable,Edit history is not available right now.,Sejarah suntingan tidak tersedia buat masa ini.,,,
ws.versionRestored,Page version restored.,Versi halaman dipulihkan.,,,
ws.textUndone,Text change undone.,Perubahan teks dibuat asal.,,,
ws.textRestored,Text change restored.,Perubahan teks dipulihkan.,,,
ws.historyFailed,The page changed or the action failed. Reload history and try again.,Halaman telah berubah atau tindakan gagal. Muat semula sejarah dan cuba lagi.,,,
ws.editKicker,Edit,Sunting,,,
ws.editKickerPage,Edit · page {page},Sunting · halaman {page},,,
ws.wm.title,Add your watermark,Tambah tera air anda,,,
ws.wm.subtitle,"Stamp every page, e.g. “For government use only”.","Cop setiap halaman, cth. “Untuk kegunaan kerajaan sahaja”.",,,
ws.wm.text,Text,Teks,,,
ws.wm.placeholder,Type your watermark,Taip tera air anda,,,
ws.wm.quickText,Quick text,Teks pantas,,,
ws.wm.style,Style,Gaya,,,
ws.wm.watermarkStyle,Watermark style,Gaya tera air,,,
ws.wm.once,Once,Sekali,,,
ws.wm.repeated,Repeated,Berulang,,,
ws.wm.position,Position,Kedudukan,,,
ws.wm.pos.Top,Top,Atas,,,
ws.wm.pos.Center,Center,Tengah,,,
ws.wm.pos.Bottom,Bottom,Bawah,,,
ws.wm.font,Font,Fon,,,
ws.wm.bold,Bold,Tebal,,,
ws.wm.colour,Colour,Warna,,,
ws.wm.customColour,Custom colour,Warna tersuai,,,
ws.wm.transparency,Transparency,Ketelusan,,,
ws.wm.size,Size,Saiz,,,
ws.wm.angle,Angle,Sudut,,,
ws.wm.quickAngle,Quick angle,Sudut pantas,,,
ws.wm.spacing,Spacing,Jarak,,,
ws.wm.reset,Reset to default,Tetap semula ke lalai,,,
ws.exp.finalDocument,Final document,Dokumen akhir,,,
ws.exp.searchableCount,{count} searchable,{count} boleh dicari,,,
ws.exp.willBeExcluded,{pages} will be excluded.,{pages} akan dikecualikan.,,,
ws.exp.readyOne,ready page will be included.,halaman sedia akan disertakan.,,,
ws.exp.readyMany,ready pages will be included.,halaman sedia akan disertakan.,,,
ws.exp.exclOne,page will be excluded.,halaman akan dikecualikan.,,,
ws.exp.exclMany,pages will be excluded.,halaman akan dikecualikan.,,,
ws.exp.pageSize,PDF page size,Saiz halaman PDF,,,
ws.exp.originalSize,Original size,Saiz asal,,,
ws.exp.a4,A4 paper,Kertas A4,,,
ws.exp.a4Hint,Ready pages will fit onto A4 paper with white margins. Portrait or landscape is chosen for each page; content will not be stretched.,Halaman sedia akan dimuatkan pada kertas A4 dengan margin putih. Potret atau landskap dipilih untuk setiap halaman; kandungan tidak akan diregangkan.,,,
ws.exp.makeSearchable,Make text searchable (optional),Jadikan teks boleh dicari (pilihan),,,
ws.exp.makeSearchableHint,Uses existing Google OCR results to add an invisible text layer. It does not change how the page looks.,Menggunakan hasil Google OCR sedia ada untuk menambah lapisan teks tidak kelihatan. Ia tidak mengubah rupa halaman.,,,
ws.state.Queued,Queued,Dalam baris gilir,,,
ws.state.Processing,Processing,Sedang diproses,,,
ws.state.Failed,Failed,Gagal,,,
ws.state.Ready,Ready,Sedia,,,
ws.exp.building,Building your PDF… You can keep organizing while this finishes.,Sedang membina PDF anda… Anda boleh terus menyusun sementara ini selesai.,,,
ws.exp.failedMsg,The PDF could not be generated. Your pages are unchanged.,PDF tidak dapat dijana. Halaman anda tidak berubah.,,,
ws.exp.outdated,This PDF is from an earlier page order. You can still download it or generate an updated PDF.,PDF ini daripada susunan halaman terdahulu. Anda masih boleh memuat turunnya atau menjana PDF yang dikemas kini.,,,
ws.exp.download,Download PDF,Muat turun PDF,,,
ws.exp.generateLayout,Generate {layout} PDF,Jana PDF {layout},,,
ws.exp.generateWatermark,Generate PDF with this watermark,Jana PDF dengan tera air ini,,,
ws.exp.generateUpdated,Generate updated PDF,Jana PDF yang dikemas kini,,,
ws.exp.retry,Retry export,Cuba semula eksport,,,
ws.exp.starting,Starting…,Memulakan…,,,
ws.exp.generate,Generate PDF,Jana PDF,,,
ws.watermarksToday,Watermarks today,Tera air hari ini,,,
ws.ocrToday,OCR today,OCR hari ini,,,
ws.exp.needReady,At least one Ready page is required.,Sekurang-kurangnya satu halaman Sedia diperlukan.,,,
ws.exp.searchOne,The page has searchable text.,Halaman ini mempunyai teks boleh dicari.,,,
ws.exp.searchAll,All {count} pages have searchable text.,Semua {count} halaman mempunyai teks boleh dicari.,,,
ws.exp.searchPartial,{searchable} of {ready} pages have searchable text.,{searchable} daripada {ready} halaman mempunyai teks boleh dicari.,,,
ws.exp.imageOnly,Image-only PDF. Text cannot be searched or selected.,PDF imej sahaja. Teks tidak boleh dicari atau dipilih.,,,
ws.exp.confirm,Generate the PDF?,Jana PDF?,,,
ws.exp.started,PDF generation started.,Penjanaan PDF dimulakan.,,,
ws.exp.startFailed,We could not start the PDF export. Please try again.,Kami tidak dapat memulakan eksport PDF. Sila cuba lagi.,,,
ws.exp.downloadStarted,PDF download started.,Muat turun PDF dimulakan.,,,
ws.exp.downloadFailed,We could not download the PDF. Please try again.,Kami tidak dapat memuat turun PDF. Sila cuba lagi.,,,
ws.exp.statusFailed,We could not refresh the PDF status. Please try again.,Kami tidak dapat memuat semula status PDF. Sila cuba lagi.,,,
ws.exp.exportIs,PDF export is {state}.,Eksport PDF: {state}.,,,
ws.exp.readyImageOnly,PDF is ready. It is image-only.,PDF sudah sedia. Ia imej sahaja.,,,
ws.exp.readyOnePage,PDF is ready. The page is searchable.,PDF sudah sedia. Halaman ini boleh dicari.,,,
ws.exp.readyAll,PDF is ready. All {count} pages are searchable.,PDF sudah sedia. Semua {count} halaman boleh dicari.,,,
ws.exp.readyPartial,PDF is ready. {searchable} of {ready} pages are searchable.,PDF sudah sedia. {searchable} daripada {ready} halaman boleh dicari.,,,
ws.print,Print,Cetak,,,
ws.printAllOne,Prints all {count} ready page at their original size.,Mencetak semua {count} halaman sedia pada saiz asalnya.,,,
ws.printAllMany,Prints all {count} ready pages at their original size.,Mencetak semua {count} halaman sedia pada saiz asalnya.,,,
ws.preparing,Preparing…,Menyediakan…,,,
ws.originalFile,Original file,Fail asal,,,
ws.downloadsAsUploaded,Downloads the file as it was uploaded,Memuat turun fail seperti yang dimuat naik,,,
ws.forPageN,for page {n}.,untuk halaman {n}.,,,
ws.forSelectedPage,for the selected page.,untuk halaman yang dipilih.,,,
ws.downloadOriginal,Download original,Muat turun fail asal,,,
ws.originalUnavailable,The original file is no longer available for this page.,Fail asal tidak lagi tersedia untuk halaman ini.,,,
ws.printOpened,Print dialog opened.,Dialog cetak dibuka.,,,
ws.printFailed,We could not prepare the document for printing. Please try again.,Kami tidak dapat menyediakan dokumen untuk dicetak. Sila cuba lagi.,,,
ws.originalStarted,Original download started.,Muat turun fail asal dimulakan.,,,
ws.originalFailed,Could not download the original. Please try again.,Tidak dapat memuat turun fail asal. Sila cuba lagi.,,,
ws.limit.ocr,You've used today's {limit} free OCR pages — upgrade to Pro or come back tomorrow.,Anda telah menggunakan {limit} halaman OCR percuma hari ini — naik taraf ke Pro atau datang semula esok.,,,
ws.limit.watermark,You've used today's {limit} free watermark exports — upgrade to Pro or come back tomorrow.,Anda telah menggunakan {limit} eksport tera air percuma hari ini — naik taraf ke Pro atau datang semula esok.,,,
ws.limit.documents,The Free plan keeps up to {limit} documents. Delete some or upgrade to Pro.,Pelan Percuma menyimpan sehingga {limit} dokumen. Padam beberapa atau naik taraf ke Pro.,,,
ws.banner.eyebrow,MAKE ROOM FOR WHAT MATTERS,BERI RUANG UNTUK YANG PENTING,,,
ws.banner.title1,"Paperwork, beautifully","Urusan kertas kerja,",,,
ws.banner.title2,under control.,terkawal dengan indah.,,,
ws.banner.line1,Bring a document into your workspace.,Bawa dokumen ke ruang kerja anda.,,,
ws.banner.line2,Keep the important things together.,Simpan perkara penting di satu tempat.,,,
ws.banner.upload,Upload a document,Muat naik dokumen,,,
ws.banner.small,"DOCUMENTS, ORGANIZED.","DOKUMEN, TERSUSUN.",,,
ws.banner.art1,One less thing,Satu perkara,,,
ws.banner.art2,on your mind.,kurang difikirkan.,,,
ws.banner.privateTitle,Private by default,Peribadi secara lalai,,,
ws.banner.privateBody,Your documents are only visible to your account.,Dokumen anda hanya boleh dilihat oleh akaun anda.,,,
ws.tool.crop.title,Crop & look,Pangkas & rupa,,,
ws.tool.crop.body,"Move the four corners, rotate the page, or switch between Magic scan and the other looks. Your original photo is kept.","Gerakkan empat penjuru, putar halaman, atau tukar antara Imbasan ajaib dan rupa lain. Foto asal anda dikekalkan.",,,
ws.tool.crop.s1,"Drag each corner to the paper edge, or use Auto detect.","Seret setiap penjuru ke tepi kertas, atau guna Kesan automatik.",,,
ws.tool.crop.s2,Choose a look; Magic scan is the default for photos.,Pilih rupa; Imbasan ajaib ialah lalai untuk foto.,,,
ws.tool.crop.s3,Save to update the page.,Simpan untuk mengemas kini halaman.,,,
ws.tool.crop.action,Open crop & look,Buka pangkas & rupa,,,
ws.tool.clean.title,Clean page,Bersihkan halaman,,,
ws.tool.clean.body,"Remove punch holes, staple marks or small debris. Only the areas you select change.","Buang lubang pelubang, kesan staples atau serpihan kecil. Hanya kawasan yang anda pilih akan berubah.",,,
ws.tool.clean.s1,"Find punch holes, or paint over a mark.","Cari lubang pelubang, atau lukis di atas tanda.",,,
ws.tool.clean.s2,Preview the cleanup.,Pratonton pembersihan.,,,
ws.tool.clean.s3,"Apply, or undo later from History.","Gunakan, atau buat asal kemudian daripada Sejarah.",,,
ws.tool.clean.action,Start cleaning,Mula membersihkan,,,
ws.tool.text.title,Edit printed text,Sunting teks bercetak,,,
ws.tool.text.body,Select recognized words and type a replacement. The background behind the old text is rebuilt from the paper around it.,Pilih perkataan yang dikenali dan taip gantinya. Latar di belakang teks lama dibina semula daripada kertas di sekelilingnya.,,,
ws.tool.text.s1,Drag across the words you want to change.,Seret merentasi perkataan yang ingin diubah.,,,
ws.tool.text.s2,Type the new text and pick a font.,Taip teks baharu dan pilih fon.,,,
ws.tool.text.s3,"Preview the exact result, then apply.","Pratonton hasil sebenar, kemudian gunakan.",,,
ws.tool.text.action,Select words,Pilih perkataan,,,
ws.tool.add.title,Add text,Tambah teks,,,
ws.tool.add.body,"Place new printed text anywhere on the page, in any of the bundled fonts.","Letakkan teks bercetak baharu di mana-mana pada halaman, dalam mana-mana fon yang disertakan.",,,
ws.tool.add.s1,Click where the text should go.,Klik di tempat teks patut diletakkan.,,,
ws.tool.add.s2,Type and style it.,Taip dan gayakan.,,,
ws.tool.add.s3,"Preview, then apply.","Pratonton, kemudian gunakan.",,,
ws.tool.add.action,Place a text box,Letakkan kotak teks,,,
ws.tool.sign.title,Add a signature,Tambah tandatangan,,,
ws.tool.sign.body,"Upload a signature photo or draw one, then place and resize it. A visual signature only, not a certified e-signature.","Muat naik foto tandatangan atau lukis satu, kemudian letak dan ubah saiznya. Tandatangan visual sahaja, bukan tandatangan elektronik yang diperakui.",,,
ws.tool.sign.s1,Upload or draw.,Muat naik atau lukis.,,,
ws.tool.sign.s2,Drag it into place and resize.,Seret ke tempatnya dan ubah saiz.,,,
ws.tool.sign.s3,Save.,Simpan.,,,
ws.tool.sign.action,Add signature,Tambah tandatangan,,,
ws.tool.mark.title,Tick / Cross,Tanda / Pangkah,,,
ws.tool.mark.body,"Click a checkbox on the form to place a tick or cross. Change colour, size and stroke.","Klik kotak semak pada borang untuk meletakkan tanda atau pangkah. Tukar warna, saiz dan ketebalan garis.",,,
ws.tool.mark.s1,Choose tick or cross.,Pilih tanda atau pangkah.,,,
ws.tool.mark.s2,Click each box on the page.,Klik setiap kotak pada halaman.,,,
ws.tool.mark.s3,Save the marks.,Simpan tanda.,,,
ws.tool.mark.action,Start placing marks,Mula meletakkan tanda,,,
ws.tool.ocr.title,Recognize text,Kenal pasti teks,,,
ws.tool.ocr.body,"Reads the words on this page so you can select, edit and search them, and export a searchable PDF.","Membaca perkataan pada halaman ini supaya anda boleh memilih, menyunting dan mencarinya, serta mengeksport PDF boleh cari.",,,
ws.tool.ocr.s1,Run recognition on this page.,Jalankan pengecaman pada halaman ini.,,,
ws.tool.ocr.s2,Wait a few seconds.,Tunggu beberapa saat.,,,
ws.tool.ocr.s3,Select or edit words.,Pilih atau sunting perkataan.,,,
ws.tool.ocr.action,Recognize this page,Kenal pasti halaman ini,,,
admin.nav.label,Admin,Pentadbir,,,
admin.nav.title,Admin,Pentadbir,,,
admin.nav.dashboard,Dashboard,Papan pemuka,,,
admin.nav.users,Users,Pengguna,,,
admin.nav.subscribers,Subscribers,Pelanggan,,,
admin.nav.payments,Payments,Pembayaran,,,
admin.nav.settings,Settings,Tetapan,,,
admin.nav.admins,Admins,Pentadbir,,,
admin.prev,Previous,Sebelumnya,,,
admin.next,Next,Seterusnya,,,
admin.page,Page {page},Halaman {page},,,
admin.guest,Guest,Tetamu,,,
admin.active,Active,Aktif,,,
admin.forever,Forever,Selama-lamanya,,,
admin.revoke,Revoke,Tarik balik,,,
admin.revokeConfirm,Revoke this Pro subscription now?,Tarik balik langganan Pro ini sekarang?,,,
admin.revokeFailed,Could not revoke the subscription.,Tidak dapat menarik balik langganan.,,,
admin.col.note,Note,Nota,,,
admin.col.source,Source,Sumber,,,
admin.col.status,Status,Status,,,
admin.col.ends,Ends,Tamat,,,
admin.col.email,Email,E-mel,,,
admin.dash.title,Dashboard,Papan pemuka,,,
admin.dash.loadFailed,Could not load the dashboard. Reload to try again.,Tidak dapat memuatkan papan pemuka. Muat semula untuk cuba lagi.,,,
admin.dash.testBanner,Test phase — everyone gets Pro features (the Arks Scanner stamp stays).,Fasa ujian — semua orang mendapat ciri Pro (cap Arks Scanner kekal).,,,
admin.dash.enforcedFrom,Plans are enforced from {date}.,Pelan dikuatkuasakan mulai {date}.,,,
admin.dash.enforced,Plans are enforced — Free limits apply.,Pelan dikuatkuasakan — had Percuma terpakai.,,,
admin.dash.users,Users,Pengguna,,,
admin.dash.usersHint,{signedIn} signed in · {guests} guests,{signedIn} log masuk · {guests} tetamu,,,
admin.dash.newUsers,New users,Pengguna baharu,,,
admin.dash.newHint,today · {d7} in 7 days · {d30} in 30,hari ini · {d7} dalam 7 hari · {d30} dalam 30,,,
admin.dash.active7,Active (7 days),Aktif (7 hari),,,
admin.dash.pro,Pro subscribers,Pelanggan Pro,,,
admin.dash.proHint,{manual} given · {paid} paid,{manual} diberi · {paid} berbayar,,,
admin.dash.documents,Documents,Dokumen,,,
admin.dash.documentsHint,{today} today,{today} hari ini,,,
admin.dash.ocrPages,OCR pages,Halaman OCR,,,
admin.dash.todayMonth,today · {month} this month,hari ini · {month} bulan ini,,,
admin.dash.ocrCost,OCR cost (month),Kos OCR (bulan),,,
admin.dash.estimate,estimate,anggaran,,,
admin.dash.watermarks,Watermark exports,Eksport tera air,,,
admin.dash.chartTitle,OCR pages — last 30 days,Halaman OCR — 30 hari lepas,,,
admin.dash.chartLabel,OCR pages per day for the last 30 days,Halaman OCR setiap hari untuk 30 hari lepas,,,
admin.dash.barTitle,"{day}: {value} pages, {newUsers} new users","{day}: {value} halaman, {newUsers} pengguna baharu",,,
admin.loading,Loading…,Memuatkan…,,,
admin.users.title,Users,Pengguna,,,
admin.users.searchPlaceholder,Search by email or UID,Cari mengikut e-mel atau UID,,,
admin.users.searchLabel,Search users,Cari pengguna,,,
admin.users.search,Search,Cari,,,
admin.users.countOne,{count} user,{count} pengguna,,,
admin.users.countOther,{count} users,{count} pengguna,,,
admin.users.signIn,Sign-in,Log masuk,,,
admin.users.plan,Plan,Pelan,,,
admin.users.joined,Joined,Menyertai,,,
admin.users.lastSeen,Last seen,Terakhir dilihat,,,
admin.users.none,No users match.,Tiada pengguna sepadan.,,,
admin.users.loadFailed,Could not load users.,Tidak dapat memuatkan pengguna.,,,
admin.pay.title,Payments,Pembayaran,,,
admin.pay.empty,Payments appear here once HitPay is connected.,Pembayaran akan dipaparkan di sini selepas HitPay disambungkan.,,,
admin.pay.date,Date,Tarikh,,,
admin.pay.account,Account,Akaun,,,
admin.pay.provider,Provider,Pembekal,,,
admin.pay.reference,Reference,Rujukan,,,
admin.pay.amount,Amount,Jumlah,,,
admin.pay.loadFailed,Could not load payments.,Tidak dapat memuatkan pembayaran.,,,
admin.subs.title,Subscribers,Pelanggan,,,
admin.subs.account,Account,Akaun,,,
admin.subs.started,Started,Bermula,,,
admin.subs.extend,Extend,Lanjutkan,,,
admin.subs.extendBy,Extend by,Lanjutkan selama,,,
admin.subs.none,No Pro subscriptions yet. Give Pro from a user's page.,Belum ada langganan Pro. Berikan Pro dari halaman pengguna.,,,
admin.subs.extendFailed,Could not extend the subscription.,Tidak dapat melanjutkan langganan.,,,
admin.subs.loadFailed,Could not load subscriptions.,Tidak dapat memuatkan langganan.,,,
admin.duration.1m,1 month,1 bulan,,,
admin.duration.3m,3 months,3 bulan,,,
admin.duration.1y,1 year,1 tahun,,,
admin.duration.forever,Forever,Selama-lamanya,,,
admin.set.title,Plan settings,Tetapan pelan,,,
admin.set.phase,Phase,Fasa,,,
admin.set.phaseTest,"Test — everyone gets Pro features (stamp stays, nothing deleted)","Ujian — semua orang mendapat ciri Pro (cap kekal, tiada yang dipadam)",,,
admin.set.phaseEnforced,Enforced — Free limits apply,Dikuatkuasakan — had Percuma terpakai,,,
admin.set.autoEnforce,Switch to Enforced automatically on (optional),Tukar ke Dikuatkuasakan secara automatik pada (pilihan),,,
admin.set.ocrPerDay,Free OCR pages per day,Halaman OCR percuma sehari,,,
admin.set.wmPerDay,Free watermark exports per day,Eksport tera air percuma sehari,,,
admin.set.maxDocs,Free documents kept (maximum),Dokumen percuma disimpan (maksimum),,,
admin.set.retention,Free documents deleted after (days),Dokumen percuma dipadam selepas (hari),,,
admin.set.ocrCost,"OCR cost per 1,000 pages (US$, for the dashboard estimate)","Kos OCR bagi 1,000 halaman (US$, untuk anggaran papan pemuka)",,,
admin.set.timeZone,Usage day time zone,Zon waktu hari penggunaan,,,
admin.set.save,Save,Simpan,,,
admin.set.saved,Saved,Disimpan,,,
admin.set.confirm,Apply to all users now?,Gunakan untuk semua pengguna sekarang?,,,
admin.set.loadFailed,Could not load the plan settings.,Tidak dapat memuatkan tetapan pelan.,,,
admin.set.saveFailed,These settings were not saved. Check the values and try again.,Tetapan ini tidak disimpan. Semak nilai dan cuba lagi.,,,
admin.detail.back,← All users,← Semua pengguna,,,
admin.detail.plan,Plan,Pelan,,,
admin.detail.documents,Documents,Dokumen,,,
admin.detail.ocrToday,OCR today,OCR hari ini,,,
admin.detail.wmToday,Watermarks today,Tera air hari ini,,,
admin.detail.meta,UID {uid} · {provider}{admin} · joined {joined} · last seen {seen},UID {uid} · {provider}{admin} · menyertai {joined} · terakhir dilihat {seen},,,
admin.detail.adminTag, · admin, · pentadbir,,,
admin.detail.giveTitle,Give Pro (free),Berikan Pro (percuma),,,
admin.detail.duration,Duration,Tempoh,,,
admin.detail.notePlaceholder,"e.g. friend, tester","cth. kawan, penguji",,,
admin.detail.give,Give Pro,Berikan Pro,,,
admin.detail.giveFailed,Could not give Pro.,Tidak dapat memberikan Pro.,,,
admin.detail.subs,Subscriptions,Langganan,,,
admin.detail.noSubs,No subscriptions yet.,Belum ada langganan.,,,
admin.detail.loadFailed,Could not load this user.,Tidak dapat memuatkan pengguna ini.,,,
admin.admins.title,Admins,Pentadbir,,,
admin.admins.addLabel,Add an admin by email,Tambah pentadbir melalui e-mel,,,
admin.admins.add,Add admin,Tambah pentadbir,,,
admin.admins.hint,The person must have signed in to Arks Scanner at least once.,Orang tersebut mesti pernah log masuk ke Arks Scanner sekurang-kurangnya sekali.,,,
admin.admins.added,Added,Ditambah,,,
admin.admins.remove,Remove,Alih keluar,,,
admin.admins.removeConfirm,Remove {name} as an admin?,Alih keluar {name} sebagai pentadbir?,,,
admin.admins.notFound,No signed-in account uses that email yet. Ask them to sign in first.,Belum ada akaun log masuk yang menggunakan e-mel itu. Minta mereka log masuk dahulu.,,,
admin.admins.addFailed,Could not add that admin.,Tidak dapat menambah pentadbir itu.,,,
admin.admins.lastOne,At least one admin must remain.,Sekurang-kurangnya seorang pentadbir mesti kekal.,,,
admin.admins.removeFailed,Could not remove that admin.,Tidak dapat mengalih keluar pentadbir itu.,,,
admin.admins.loadFailed,Could not load admins.,Tidak dapat memuatkan pentadbir.,,,
