key,English,Chinese,OK? (Y/N),Better wording,Comment
list.save,Save,保存,,,
list.cancel,Cancel,取消,,,
list.deleteAsk,Delete this document?,删除此文档？,,,
list.deleteYes,"Yes, delete",确认删除,,,
list.keep,Keep,保留,,,
list.recent,Recent documents,最近的文档,,,
list.total,{count} total,共 {count} 个,,,
list.emptyBody,Your next chapter starts with one document.,从一份文档开始您的新篇章。,,,
app.loading,Loading…,加载中…,,,
nav.scan,Scan,扫描,,,
nav.documents,My documents,我的文档,,,
nav.admin,Admin,管理,,,
nav.private,Private,私密,,,
nav.signIn,Sign in,登录,,,
nav.openAccount,Open account menu,打开账户菜单,,,
nav.language,Language,语言,,,
menu.privacy,Privacy & your data,隐私与您的数据,,,
menu.signOut,Sign out,退出登录,,,
menu.proSoon,Pro is coming soon,专业版即将推出,,,
consent.title,Your documents are private to you.,您的文档仅属于您自己。,,,
consent.body,"We store your scans and their recognized text to run Arks Scanner, use Google services for sign-in and text recognition, and never sell your data. You can download or delete your data at any time.",我们会保存您的扫描件及其识别出的文字以运行 Arks Scanner，使用 Google 服务进行登录和文字识别，并且绝不出售您的数据。您可以随时下载或删除您的数据。,,,
consent.accept,I understand,我已了解,,,
privacy.title,Privacy & your data,隐私与您的数据,,,
privacy.lead,Your documents are private to you. You can take a copy of your data or delete your account at any time.,您的文档仅属于您自己。您可以随时获取数据副本或删除您的账户。,,,
privacy.downloadTitle,Download my data,下载我的数据,,,
privacy.downloadBody,"A file with your account details, documents and their recognized text, plan usage and activity.",一个包含您的账户信息、文档及其识别文字、套餐用量和活动记录的文件。,,,
privacy.downloadButton,Download my data,下载我的数据,,,
privacy.downloaded,Your data file has been downloaded.,您的数据文件已下载。,,,
privacy.downloadFailed,We could not prepare your data. Please try again.,无法准备您的数据，请重试。,,,
privacy.deleteTitle,Delete my account,删除我的账户,,,
privacy.deleteBody,This removes your documents and your sign-in. It cannot be undone from the app.,这将删除您的文档和登录账户，且无法在应用中撤销。,,,
privacy.deleteConfirm,Type DELETE to confirm,输入 DELETE 以确认,,,
privacy.deleteButton,Delete my account,删除我的账户,,,
privacy.lastAdmin,You are the only admin. Add another admin before deleting your account.,您是唯一的管理员。请先添加另一位管理员再删除账户。,,,
privacy.deleteFailed,Your account could not be deleted. Please try again.,无法删除您的账户，请重试。,,,
scan.eyebrow,New scan,新扫描,,,
scan.title,Upload your document,上传您的文档,,,
scan.formats,"PDF, JPEG, PNG, or HEIC · Maximum 25 MB · Private by default",PDF、JPEG、PNG 或 HEIC · 最大 25 MB · 默认私密,,,
scan.documentTitle,Document title,文档标题,,,
scan.optional,(optional),（可选）,,,
scan.titleHint,"Uploading starts as soon as you choose files, and the file name is used as the title. Type a name before choosing files, or rename it later from My documents.",选择文件后会立即开始上传，并以文件名作为标题。请在选择文件前输入名称，或稍后在“我的文档”中重命名。,,,
scan.chooseFiles,Choose files,选择文件,,,
scan.browse,Browse files on your device,浏览您设备上的文件,,,
scan.continue,Continue to import,继续导入,,,
scan.error.unsupported_type,"Choose a PDF, JPEG, PNG, or HEIC file.",请选择 PDF、JPEG、PNG 或 HEIC 文件。,,,
scan.error.empty_file,Choose a file that is not empty.,请选择非空文件。,,,
scan.error.file_too_large,Choose a file smaller than 25 MB.,请选择小于 25 MB 的文件。,,,
scan.error.intent_expired,The secure upload link expired. Please try again.,安全上传链接已过期，请重试。,,,
scan.error.upload_failed,The file could not be uploaded. Please try again.,文件无法上传，请重试。,,,
scan.error.request_failed,We could not start the scan. Please try again.,无法开始扫描，请重试。,,,
list.eyebrow,Your private workspace,您的私人工作区,,,
list.title,Your documents,您的文档,,,
list.subtitle,A little less paperwork. A little more peace of mind.,少一点纸上作业，多一份安心。,,,
list.newScan,New Scan,新扫描,,,
list.loading,Loading documents…,正在加载文档…,,,
list.loadFailed,We couldn't load your documents,无法加载您的文档,,,
list.tryAgain,Please try again in a moment.,请稍后再试。,,,
list.empty,No scans yet,还没有扫描件,,,
list.pages,{count} pages,{count} 页,,,
list.page,1 page,1 页,,,
list.updated,Updated {date},更新于 {date},,,
list.deletesIn,Deletes in {count} days,{count} 天后删除,,,
list.deletesInOne,Deletes in 1 day,1 天后删除,,,
list.deletesToday,Deletes today,今天删除,,,
list.expiringBanner,"A document will be deleted within a day. Download it now, or upgrade to Pro to keep your documents.",有文档将在一天内被删除。请立即下载，或升级到专业版以保留您的文档。,,,
list.rename,Rename,重命名,,,
list.delete,Delete,删除,,,
list.renamePrompt,Rename document,重命名文档,,,
list.deleteConfirm,Delete “{title}”? This cannot be undone from the app.,删除“{title}”？此操作无法在应用中撤销。,,,
list.bin.title,Recently deleted,最近删除,,,
list.bin.hint,"Deleted documents stay here for 30 days, then they are removed for good.",已删除的文档会在此保留 30 天，之后将被永久删除。,,,
list.bin.empty,Nothing deleted in the last 30 days.,过去 30 天内没有删除任何文档。,,,
list.bin.deleted,Deleted {deleted} · removed for good after {purge},删除于 {deleted} · {purge} 后永久删除,,,
list.bin.restore,Restore,恢复,,,
list.bin.restoreFailed,We could not restore this document. Please try again.,无法恢复此文档，请重试。,,,
list.bin.limit,Restoring this would go over your plan's document limit. Delete another document or upgrade first.,恢复此文档将超出您套餐的文档数量上限。请先删除其他文档或升级套餐。,,,
list.bin.loadFailed,We could not load recently deleted documents.,无法加载最近删除的文档。,,,
ws.wm.preset.government,FOR GOVERNMENT USE ONLY,仅供政府使用,,,
ws.wm.preset.ic,FOR IC VERIFICATION ONLY,仅供身份证核验使用,,,
ws.wm.preset.confidential,CONFIDENTIAL,机密,,,
ws.wm.preset.copy,COPY,副本,,,
ws.wm.preset.draft,DRAFT,草稿,,,
ws.wm.preset.sample,SAMPLE,样本,,,
ws.wm.color.red,Red,红色,,,
ws.wm.color.navy,Navy,深蓝色,,,
ws.wm.color.black,Black,黑色,,,
ws.wm.color.grey,Grey,灰色,,,
ws.wm.color.green,Green,绿色,,,
ws.wm.color.orange,Orange,橙色,,,
ws.wm.font.liberation-sans,Arial style,Arial 风格,,,
ws.wm.font.carlito,Calibri style,Calibri 风格,,,
ws.wm.font.oswald,Oswald (stamp),Oswald（印章）,,,
ws.wm.font.liberation-serif,Times style,Times 风格,,,
ws.wm.font.liberation-mono,Typewriter,打字机,,,
ws.wm.font.caveat,Handwriting,手写体,,,
ws.wm.font.dancing-script,Script,花体,,,
list.deleteFailed,That document could not be deleted. Please try again.,无法删除该文档，请重试。,,,
list.renameFailed,That document could not be renamed. Please try again.,无法重命名该文档，请重试。,,,
list.titleTooLong,A title can have at most 200 characters.,标题最多 200 个字符。,,,
workspace.view,View,查看,,,
workspace.edit,Edit,编辑,,,
workspace.export,Export,导出,,,
workspace.exportPdf,Export PDF,导出 PDF,,,
tool.crop,Crop & look,裁剪与外观,,,
tool.clean,Clean page,清理页面,,,
tool.text,Edit text,编辑文字,,,
tool.add,Add text,添加文字,,,
tool.sign,Signature,签名,,,
tool.mark,Tick / Cross,勾 / 叉,,,
tool.ocr,Recognize text,识别文字,,,
tool.search,Search text,搜索文字,,,
tool.history,History,历史记录,,,
editor.editingPage,Editing page {position},正在编辑第 {position} 页,,,
editor.done,Done,完成,,,
editor.backToDocument,← Back to document,← 返回文档,,,
editor.pageEditor,PAGE EDITOR,页面编辑器,,,
editor.editPage,Edit page,编辑页面,,,
editor.pageN,Page {position},第 {position} 页,,,
editor.pageIntro,"Add a mark or signature directly. To replace scanned words, recognize text first.",可直接添加标记或签名。要替换扫描的文字，请先识别文字。,,,
editor.openingPage,Opening page…,正在打开页面…,,,
editor.retry,Retry,重试,,,
editor.addText,+ Add text,+ 添加文字,,,
editor.addSignature,+ Add signature,+ 添加签名,,,
editor.tickCross,✓ Tick / × Cross,✓ 勾 / × 叉,,,
editor.reloadMarks,Reload saved marks,重新加载已保存的标记,,,
editor.reloadSignatures,Reload saved signatures,重新加载已保存的签名,,,
editor.sigPlacementControls,Signature placement controls,签名放置控件,,,
editor.placeSignature,Place your signature,放置您的签名,,,
editor.sigDragHint,Drag to move · corner handles resize · arrow keys move · Shift + arrows resize,拖动移动 · 拖动角点调整大小 · 方向键移动 · Shift + 方向键调整大小,,,
editor.leftPct,Left (%),左 (%),,,
editor.topPct,Top (%),上 (%),,,
editor.widthPct,Width (%),宽度 (%),,,
editor.saving,Saving…,正在保存…,,,
editor.saveSignature,Save signature,保存签名,,,
editor.cancel,Cancel,取消,,,
editor.savedSigActions,Saved signature actions,已保存签名的操作,,,
editor.signatureSelected,Signature selected,已选择签名,,,
editor.moveResize,Move / resize,移动 / 调整大小,,,
editor.deleteSignature,Delete signature,删除签名,,,
editor.fullPageWorkspace,Full-page text editing workspace,整页文字编辑工作区,,,
editor.checkingOcr,Checking text recognition status…,正在检查文字识别状态…,,,
editor.step1,Step 1: Recognize text,第 1 步：识别文字,,,
editor.step1Body,"To replace scanned words, select Recognize text. Tick / Cross and Add signature work without it. Recognition may use the OCR service.",要替换扫描的文字，请选择“识别文字”。勾 / 叉和添加签名无需此步骤。识别可能会使用 OCR 服务。,,,
editor.recognizeText,Recognize text,识别文字,,,
editor.ocrToday,OCR today,今日 OCR,,,
editor.recognitionFailed,Text recognition failed,文字识别失败,,,
editor.tryAgainBefore,Try again before selecting words on this page.,请在选择此页文字之前重试。,,,
editor.retryRecognition,Retry recognition,重试识别,,,
editor.recognizing,Recognizing text…,正在识别文字…,,,
editor.pleaseWait,Please wait. This page will become selectable when recognition finishes.,请稍候。识别完成后即可选择此页的文字。,,,
editor.step2,Step 2: Select words,第 2 步：选择文字,,,
editor.step2Body,"Drag across words on the large image, then choose Replace or Delete. Use the zoom controls for smaller print.",在大图上拖动选择文字，然后选择替换或删除。小字请使用缩放控件。,,,
editor.imageZoomControls,Image zoom controls,图像缩放控件,,,
editor.zoomOut,− Zoom out,− 缩小,,,
editor.zoomIn,+ Zoom in,+ 放大,,,
editor.panHint,Drag the page to move around. Hold Space and drag to pan from selectable text.,拖动页面可移动视图。按住空格键并拖动可从可选文字处平移。,,,
editor.fullPagePreviewAlt,Full page preview for selecting text,用于选择文字的整页预览,,,
editor.addYourSignature,Add your signature,添加您的签名,,,
editor.errOpenPage,Could not open this page for text editing. Try again.,无法打开此页进行文字编辑。请重试。,,,
editor.errOcrStart,Text recognition could not start. Try again.,无法开始文字识别。请重试。,,,
editor.confirmDiscardPage,Discard your unsaved page changes?,放弃未保存的页面更改？,,,
editor.confirmDiscardText,Discard your unapplied text changes?,放弃未应用的文字更改？,,,
editor.sigDragPlace,"Drag to place your signature, then Save.",拖动以放置您的签名，然后保存。,,,
editor.errSigOpen,Could not open this signature. Choose another image.,无法打开此签名。请选择另一张图片。,,,
editor.confirmDiscardSigPlacement,Discard your unsaved signature placement?,放弃未保存的签名位置？,,,
editor.sigDragMove,Drag to move; use the corner handles to resize. Save when ready.,拖动移动；用角点调整大小。准备好后保存。,,,
editor.sigSaved,Signature saved. Export a new PDF to include it.,签名已保存。请导出新的 PDF 以包含它。,,,
editor.errSigChanged,"This signature changed elsewhere. Your draft is still here. Reload saved signatures, then review and Save again.",此签名已在别处更改。您的草稿仍在。请重新加载已保存的签名，然后检查并再次保存。,,,
editor.errSigSave,Signature could not be saved. Your draft is still here. Try Save again.,无法保存签名。您的草稿仍在。请再次尝试保存。,,,
editor.confirmDeleteSig,Delete this signature from this page?,从此页删除该签名？,,,
editor.sigDeleted,Signature deleted. Your original scan is unchanged.,签名已删除。您的原始扫描件未更改。,,,
editor.errSigDelete,Could not delete the signature. Reload saved signatures and try again.,无法删除签名。请重新加载已保存的签名后重试。,,,
editor.errSigDeletedElsewhere,This saved signature was deleted elsewhere. Cancel this placement to continue.,此已保存的签名已在别处删除。请取消此放置以继续。,,,
editor.errSigLoad,Could not load saved signatures. Try Reload saved signatures.,无法加载已保存的签名。请尝试重新加载已保存的签名。,,,
editor.markDragPosition,"Drag to position your mark, adjust color or size, then Save.",拖动以定位您的标记，调整颜色或大小，然后保存。,,,
editor.errMarkFit,This mark cannot fit at that position.,此标记无法放入该位置。,,,
editor.confirmDiscardMark,Discard your unsaved mark changes?,放弃未保存的标记更改？,,,
editor.markDragMove,"Drag to move, use the corner handles to resize, then Save.",拖动移动，用角点调整大小，然后保存。,,,
editor.markDuplicateReady,"Duplicate ready. Drag it to another position, then Save. The original stays in place.",副本已就绪。将其拖到其他位置，然后保存。原标记保持不变。,,,
editor.errMarkTooLarge,The mark is too large for this page.,此标记对该页来说太大。,,,
editor.errMarkRemoved,"This mark was removed elsewhere. Cancel this draft, then place a new mark.",此标记已在别处移除。请取消此草稿，然后放置新标记。,,,
editor.errMarkReloadFirst,Reload saved marks before trying Save again. Your draft is safe.,再次保存前请重新加载已保存的标记。您的草稿是安全的。,,,
editor.confirmOverwriteMark,This mark changed elsewhere. Save your draft over its current version?,此标记已在别处更改。要用您的草稿覆盖当前版本吗？,,,
editor.errMarkChangedReview,This mark changed elsewhere. Review your draft; Save will ask before replacing the current version.,此标记已在别处更改。请检查您的草稿；保存时会先询问再替换当前版本。,,,
editor.markSaved,Mark saved. Export a new PDF to include it.,标记已保存。请导出新的 PDF 以包含它。,,,
editor.errMarkChangedSafe,This mark changed elsewhere. Your draft is safe. Reload saved marks and review it.,此标记已在别处更改。您的草稿是安全的。请重新加载已保存的标记并检查。,,,
editor.errMarkSave,Mark could not be saved. Your draft is still here. Try Save again.,无法保存标记。您的草稿仍在。请再次尝试保存。,,,
editor.markRemoved,Mark removed. Your original scan is unchanged.,标记已移除。您的原始扫描件未更改。,,,
editor.errMarkRemove,Could not remove the mark. Reload saved marks and try again.,无法移除标记。请重新加载已保存的标记后重试。,,,
editor.errMarkLoad,Could not load saved marks. Try Reload saved marks.,无法加载已保存的标记。请尝试重新加载已保存的标记。,,,
editor.markUndone,Mark change undone.,标记更改已撤销。,,,
editor.markRestored,Mark change restored.,标记更改已恢复。,,,
editor.errMarkStale,This page changed elsewhere. Saved marks were reloaded; old Undo history was cleared.,此页已在别处更改。已重新加载已保存的标记；旧的撤销记录已清除。,,,
editor.errMarkChange,Could not change this mark. Your Undo history is unchanged. Try again.,无法更改此标记。您的撤销记录未更改。请重试。,,,
editor.errOcrCheck,Could not check text recognition. Try again.,无法检查文字识别。请重试。,,,
editor.printedTextEditor,Printed text editor,印刷文字编辑器,,,
editor.addTextTitle,Add text,添加文字,,,
editor.deleteSelectedText,Delete selected text,删除所选文字,,,
editor.replaceSelectedText,Replace selected text,替换所选文字,,,
editor.closeEditor,Close editor,关闭编辑器,,,
editor.captionExact,Exact rendered result — review before saving,精确渲染结果 — 保存前请检查,,,
editor.captionAdd,Transparent text guide — drag or resize it on the page,透明文字参考框 — 在页面上拖动或调整大小,,,
editor.captionReplace,Transparent placement guide — old ink remains visible until you preview the exact result,透明位置参考框 — 在预览精确结果之前，旧字迹仍然可见,,,
editor.previewZoomControls,Preview zoom controls,预览缩放控件,,,
editor.adjustTextOrBox,Adjust text or box,调整文字或文本框,,,
editor.panHintBox,Drag the page to move around. Drag the text box to reposition it; hold Space and drag to move the page from the box.,拖动页面可移动视图。拖动文本框可重新定位；按住空格键并拖动可从文本框处移动页面。,,,
editor.scannedPreviewAlt,Scanned page preview,扫描页面预览,,,
editor.original,Original:,原文：,,,
editor.newText,New text,新文字,,,
editor.replacementText,Replacement text,替换文字,,,
editor.noFont,No installed font can write these characters yet. Remove them or contact support.,目前没有已安装的字体可以书写这些字符。请删除它们或联系支持。,,,
editor.needsSpace,This text may need more space. Apply will check the exact fit before changing your page.,此文字可能需要更多空间。应用前会先检查确切是否适合，再更改您的页面。,,,
editor.searchFonts,Search fonts,搜索字体,,,
editor.searchFontFamilies,Search font families,搜索字体系列,,,
editor.font,Font,字体,,,
editor.sansSerif,Sans-serif,无衬线,,,
editor.monospace,Monospace,等宽,,,
editor.sizePx,Size (px),大小 (px),,,
editor.sizeInPixels,Size in pixels,像素大小,,,
editor.weight,Weight,字重,,,
editor.bold,Bold,粗体,,,
editor.regular,Regular,常规,,,
editor.colour,Colour,颜色,,,
editor.textColour,Text colour,文字颜色,,,
editor.letterSpacing,Letter spacing,字间距,,,
editor.alignment,Alignment,对齐,,,
editor.left,Left,靠左,,,
editor.centre,Centre,居中,,,
editor.right,Right,靠右,,,
editor.rendering,Rendering…,正在渲染…,,,
editor.previewExact,Preview exact result,预览精确结果,,,
editor.deleteText,Delete text,删除文字,,,
editor.applyChange,Apply change,应用更改,,,
editor.preparing,Preparing style and geometry…,正在准备样式和几何信息…,,,
editor.switchedFont,Switched to {font} so these characters can be written.,已切换到 {font}，以便书写这些字符。,,,
editor.loadingProposal,Loading style proposal…,正在加载样式建议…,,,
editor.fontCatalogueUnavailable,Font catalogue unavailable. Recommended fonts remain available.,字体目录不可用。推荐字体仍可使用。,,,
editor.addStatus,"Enter text, drag the transparent box, then preview the exact result.",输入文字，拖动透明框，然后预览精确结果。,,,
editor.signInAdd,Sign in to add text on this page.,请登录以在此页添加文字。,,,
editor.errStartAdd,Could not start adding text. Please try again.,无法开始添加文字。请重试。,,,
editor.noSupportedFont,No supported font is available for this selection.,没有适用于此选择的受支持字体。,,,
editor.editStatus,"Edit the text, then select Preview exact result to check it.",编辑文字，然后选择“预览精确结果”进行检查。,,,
editor.lowConfidence,Low confidence font match. Review the alternatives.,字体匹配置信度较低。请查看备选项。,,,
editor.errDisabled,Text editing is disabled on this server. An administrator must enable it before edits can be applied.,此服务器已禁用文字编辑。管理员必须启用后才能应用编辑。,,,
editor.signInEdit,Sign in to edit text on this page.,请登录以编辑此页的文字。,,,
editor.pageChanged,This page changed. Close the editor and select the words again.,此页已更改。请关闭编辑器并重新选择文字。,,,
editor.errSelection422,This text selection cannot be edited. Select printed words and try again.,无法编辑此文字选择。请选择印刷文字后重试。,,,
editor.errLoadEditor,Could not load the text editor. Please try again.,无法加载文字编辑器。请重试。,,,
editor.fontPreviewUnavailable,Font preview unavailable; the server font remains selectable.,字体预览不可用；仍可选择服务器字体。,,,
editor.adjustStatus,"Adjust the text or placement box, then preview the result again.",调整文字或位置框，然后再次预览结果。,,,
editor.renderingExact,Rendering an exact preview. Your page is unchanged…,正在渲染精确预览。您的页面未更改…,,,
editor.draftChanged,The draft changed while rendering. Preview it again.,渲染期间草稿已更改。请再次预览。,,,
editor.reviewExact,"Review the exact result, then select Apply change to save it.",检查精确结果，然后选择“应用更改”保存。,,,
editor.errFontUnsupportedPreview,This font cannot write some of these characters. Choose a font for this language.,此字体无法书写其中一些字符。请选择适用于该语言的字体。,,,
editor.errUnsafeBgSelect,We could not clear the original ink without risking other page content. Select different words. Your page is unchanged.,我们无法在不影响页面其他内容的情况下清除原有字迹。请选择其他文字。您的页面未更改。,,,
editor.errOverlapPreview,"The new letters would cover nearby text. Move or resize the transparent placement box, or use a smaller font.",新字母会覆盖附近的文字。请移动或调整透明位置框的大小，或使用更小的字体。,,,
editor.errOverflowPreview,The replacement does not fit. Use a smaller font or widen the placement box.,替换内容放不下。请使用更小的字体或加宽位置框。,,,
editor.errPreviewFailed,The preview could not be rendered. Your page is unchanged.,无法渲染预览。您的页面未更改。,,,
editor.checkingFit,Checking text fit…,正在检查文字是否合适…,,,
editor.renderingChange,Rendering your change…,正在渲染您的更改…,,,
editor.errOverflowApply,"The text does not fit the replacement box, even after automatic fitting. Use a smaller font or widen the box. Your page is unchanged.",即使经过自动调整，文字仍放不进替换框。请使用更小的字体或加宽文本框。您的页面未更改。,,,
editor.errSelectionInvalid,The selected OCR words cannot be edited safely. Select the words again. Your page is unchanged.,所选 OCR 文字无法安全编辑。请重新选择文字。您的页面未更改。,,,
editor.errApply,We could not apply this change. Review the box and try again.,无法应用此更改。请检查文本框后重试。,,,
editor.changeApplied,Change applied. Refreshing page…,更改已应用。正在刷新页面…,,,
editor.errOverflowFail,The text does not fit the replacement box. Use a smaller font or widen the box. The previous page is unchanged.,文字放不进替换框。请使用更小的字体或加宽文本框。之前的页面未更改。,,,
editor.errUnsafeBgFail,We could not clear the original ink without risking other page content. Try a different word selection. The previous page is unchanged.,我们无法在不影响页面其他内容的情况下清除原有字迹。请尝试选择其他文字。之前的页面未更改。,,,
editor.errOverlapFail,"The new letters would cover nearby text. Move or resize the transparent placement box, or use a smaller font. The previous page is unchanged.",新字母会覆盖附近的文字。请移动或调整透明位置框的大小，或使用更小的字体。之前的页面未更改。,,,
editor.errFontUnsupportedFail,This font cannot write some of these characters. Choose a font for this language and try again. The previous page is unchanged.,此字体无法书写其中一些字符。请选择适用于该语言的字体后重试。之前的页面未更改。,,,
editor.errFontUnavailable,This font is unavailable for rendering. Choose another font and try again. The previous page is unchanged.,此字体无法用于渲染。请选择其他字体后重试。之前的页面未更改。,,,
editor.errRenderFailed,Rendering failed. The previous page is unchanged.,渲染失败。之前的页面未更改。,,,
editor.sigIntro,Upload an image or draw below. Nothing is saved until you place it on the page.,上传图片或在下方绘制。在您将其放到页面上之前不会保存任何内容。,,,
editor.createSignature,Create your signature,创建您的签名,,,
editor.closeSigCreator,Close signature creator,关闭签名创建器,,,
editor.sigInputMethod,Signature input method,签名输入方式,,,
editor.uploadImage,Upload image,上传图片,,,
editor.drawSignature,Draw signature,绘制签名,,,
editor.chooseFile,Choose PNG or JPEG · up to 5 MB,选择 PNG 或 JPEG · 最大 5 MB,,,
editor.original2,Original,原图,,,
editor.originalSigAlt,Original signature image,原始签名图片,,,
editor.transparentPreview,Transparent preview,透明预览,,,
editor.sigNoBgAlt,Signature after background removal,去除背景后的签名,,,
editor.bgRemoval,Background removal,背景去除,,,
editor.keepOriginalBg,Keep original background,保留原始背景,,,
editor.sigHint,"If light pen strokes disappear, reduce the strength or keep the original. Best with ink on light paper.",如果浅色笔迹消失，请降低强度或保留原图。深色墨水写在浅色纸上效果最佳。,,,
editor.drawHint,"Draw with your mouse, pen or finger. The background stays transparent.",用鼠标、笔或手指绘制。背景保持透明。,,,
editor.drawingArea,Signature drawing area,签名绘制区域,,,
editor.undoStroke,Undo stroke,撤销笔画,,,
editor.clear,Clear,清除,,,
editor.preparingPreview,Preparing preview…,正在准备预览…,,,
editor.visualOnly,Visual signature only — not a certified electronic signature.,仅为视觉签名 — 不是经认证的电子签名。,,,
editor.useSignature,Use signature →,使用签名 →,,,
editor.errChooseImage,Choose a PNG or JPEG image smaller than 5 MB.,请选择小于 5 MB 的 PNG 或 JPEG 图片。,,,
editor.errPrepareSig,Could not prepare signature.,无法准备签名。,,,
editor.errPrepareDrawing,Could not prepare the drawing. Please try again.,无法准备绘图。请重试。,,,
editor.markControls,Check and cross mark controls,勾叉标记控件,,,
editor.tickCrossTitle,Tick / Cross,勾 / 叉,,,
editor.markHeadingDesc,Place a transparent mark without text recognition.,无需文字识别即可放置透明标记。,,,
editor.clickCheckbox,Click a checkbox on the page to place your mark. You can zoom first.,点击页面上的复选框以放置您的标记。您可以先缩放。,,,
editor.mark,Mark,标记,,,
editor.tick,✓ Tick,✓ 勾,,,
editor.cross,× Cross,× 叉,,,
editor.quickColors,Quick mark colors,快速标记颜色,,,
editor.markSwatch,{color} mark,{color}标记,,,
editor.colorBlack,Black,黑色,,,
editor.colorBlue,Blue,蓝色,,,
editor.colorRed,Red,红色,,,
editor.colorGreen,Green,绿色,,,
editor.customColor,Custom color,自定义颜色,,,
editor.sizeLabel,Size {value}%,大小 {value}%,,,
editor.thickness,Thickness {value}%,粗细 {value}%,,,
editor.saveMark,Save mark,保存标记,,,
editor.moveStyle,Move / style,移动 / 样式,,,
editor.duplicateMark,Duplicate mark,复制标记,,,
editor.deleteSelectedMark,Delete selected mark,删除所选标记,,,
editor.undoMark,Undo mark,撤销标记,,,
editor.redoMark,Redo mark,重做标记,,,
editor.ocrStatusLabel,Text recognition status,文字识别状态,,,
editor.textRecognition,Text recognition,文字识别,,,
editor.makeSearchable,Make this page searchable and ready for future text editing.,让此页可搜索，并为将来的文字编辑做好准备。,,,
editor.starting,Starting…,正在开始…,,,
editor.waitingOcr,Waiting for text recognition…,正在等待文字识别…,,,
editor.recognizingPrintedHandwritten,Recognizing printed and handwritten text…,正在识别印刷和手写文字…,,,
editor.elementsRecognized,{count} text elements recognized,已识别 {count} 个文字元素,,,
editor.confidencePct,{percent}% confidence,置信度 {percent}%,,,
editor.completedAt,Completed {date},完成于 {date},,,
editor.ocrNotFinished,Text recognition did not finish. Your scan is unchanged.,文字识别未完成。您的扫描件未更改。,,,
editor.retrying,Retrying…,正在重试…,,,
editor.retryOcr,Retry text recognition,重试文字识别,,,
editor.checkingOcrShort,Checking text recognition…,正在检查文字识别…,,,
editor.errOcrUnavailable,Text recognition is not available right now. Please try again.,文字识别目前不可用。请重试。,,,
editor.errOcrRefresh,We could not refresh text recognition. Please try again.,无法刷新文字识别。请重试。,,,
editor.selectableText,Selectable recognized text,可选择的识别文字,,,
editor.selectionHelp,"Drag across recognized words to select them. Use arrow keys to move, Shift with an arrow key to extend the selection, Enter to select one word, and Escape to clear.",拖动选择已识别的文字。使用方向键移动，Shift 加方向键扩展选择，Enter 选择单个词，Esc 清除。,,,
editor.oneWord,{count} word,{count} 个词,,,
editor.manyWords,{count} words,{count} 个词,,,
editor.typePrinted,Printed,印刷,,,
editor.typeHandwritten,Handwritten,手写,,,
editor.typeMixed,Mixed,混合,,,
editor.typeUnknown,Unknown,未知,,,
editor.editSelectedText,Edit selected text,编辑所选文字,,,
editor.handwritingUnavailable,Handwritten text editing is not available yet.,暂不支持编辑手写文字。,,,
editor.noSelectableText,No selectable text detected,未检测到可选择的文字,,,
editor.replacementBoxLabel,"Replacement preview box. Arrow keys move, Shift and arrow keys resize.",替换预览框。方向键移动，Shift 加方向键调整大小。,,,
editor.resizeHandle,Resize {handle},调整大小 {handle},,,
editor.placementGuide,Placement guide,位置参考,,,
editor.collision,Other text overlaps this transparent guide. Only actual new letters that cover other words will be blocked.,其他文字与此透明参考框重叠。只有实际覆盖其他文字的新字母才会被阻止。,,,
pages.look.Magic.label,Magic scan,魔法扫描,,,
pages.look.Original.label,Original,原图,,,
pages.look.Document.label,Document,文档,,,
pages.look.Bright.label,Bright,明亮,,,
pages.look.RemoveShadows.label,No shadow,去阴影,,,
pages.look.Grayscale.label,Grayscale,灰度,,,
pages.look.BlackAndWhite.label,Black & white,黑白,,,
pages.look.Magic.help,"Recommended. Flattens the page, turns paper white and ink crisp, clears desk edges and punch holes. Colourful cards keep their colours.",推荐。拉平页面，使纸张变白、字迹清晰，并去除桌面边缘和打孔痕迹。彩色卡片会保留原有颜色。,,,
pages.look.Original.help,The flattened photo with its own colours and lighting. Nothing is cleaned.,拉平后的照片，保留其原有颜色和光线，不做任何清理。,,,
pages.look.Document.help,Gentle contrast and sharpening.,轻度增强对比度和锐度。,,,
pages.look.Bright.help,Lightens a dark photo while keeping its colours.,提亮较暗的照片，同时保留其颜色。,,,
pages.look.RemoveShadows.help,Evens out uneven lighting while keeping ink colours and faint strokes.,均衡不均匀的光线，同时保留墨迹颜色和细淡笔画。,,,
pages.look.Grayscale.help,Removes colour and keeps shades of grey.,去除颜色，保留灰度层次。,,,
pages.look.BlackAndWhite.help,Crisp black text on white. Faint handwriting may disappear.,白底清晰黑字。较淡的手写内容可能会消失。,,,
pages.look.retired.help,This page uses a look that is no longer offered. Choose one of the looks above to replace it.,此页面使用的外观已不再提供。请从上方选择一种外观进行替换。,,,
pages.crop.title,Make your scan look its best,让扫描件呈现最佳效果,,,
pages.crop.backImport,Back to import,返回导入,,,
pages.crop.backDoc,Back to document,返回文档,,,
pages.crop.currentPage,Current page,当前页面,,,
pages.crop.currentThumb,Current page thumbnail,当前页面缩略图,,,
pages.crop.allPages,All pages,所有页面,,,
pages.crop.adjustFour,Adjust the four corners,调整四个角,,,
pages.crop.originalPhoto,Original photo,原始照片,,,
pages.crop.yourScan,Your scan,你的扫描件,,,
pages.crop.zoomOut,Zoom out,缩小,,,
pages.crop.zoomIn,Zoom in,放大,,,
pages.crop.showResult,Show result,显示结果,,,
pages.crop.compare,Compare original,对比原图,,,
pages.crop.cornerAria,{corner} corner. Use arrow keys to adjust.,{corner}角。使用方向键调整。,,,
pages.crop.corner0,Top left,左上,,,
pages.crop.corner1,Top right,右上,,,
pages.crop.corner2,Bottom right,右下,,,
pages.crop.corner3,Bottom left,左下,,,
pages.crop.dragAlt,Drag the four corners onto the paper edges,将四个角拖到纸张边缘,,,
pages.crop.processedAlt,Processed scan,已处理的扫描件,,,
pages.crop.opening,Opening your page…,正在打开你的页面…,,,
pages.crop.findingEdges,Finding paper edges…,正在查找纸张边缘…,,,
pages.crop.updating,Updating your scan…,正在更新你的扫描件…,,,
pages.crop.chooseAnother,You can choose another look while this finishes.,处理期间你可以选择其他效果。,,,
pages.crop.notSaved,Changes have not been saved.,更改尚未保存。,,,
pages.crop.preparing,Preparing your changes…,正在准备你的更改…,,,
pages.crop.savedReady,Changes saved automatically · Ready to use,更改已自动保存 · 可以使用,,,
pages.crop.controls,Enhancement controls,优化控制,,,
pages.crop.rotatePage,Rotate page,旋转页面,,,
pages.crop.rotateLeft,Rotate left,向左旋转,,,
pages.crop.rotateRight,Rotate right,向右旋转,,,
pages.crop.rotation,Rotation: {degrees}°,旋转：{degrees}°,,,
pages.crop.closeCrop,Close crop,关闭裁剪,,,
pages.crop.adjustCrop,Adjust crop,调整裁剪,,,
pages.crop.placeCorner,Place each corner on the paper edge.,将每个角放在纸张边缘上。,,,
pages.crop.autoDetect,Auto detect,自动检测,,,
pages.crop.fullPhoto,Full photo,整张照片,,,
pages.crop.applyCrop,Apply crop,应用裁剪,,,
pages.crop.clockwise,Keep the four corners in clockwise order.,请按顺时针顺序放置四个角。,,,
pages.crop.chooseLook,Choose a look,选择效果,,,
pages.crop.retry,Retry changes,重试更改,,,
pages.crop.reloadStatus,Reload status,重新加载状态,,,
pages.crop.reloadResult,Reload result,重新加载结果,,,
pages.crop.originalKept,Your original photo is kept. You can change the look anytime.,你的原始照片已保留。你可以随时更改效果。,,,
pages.crop.done,Done,完成,,,
pages.crop.filter.Magic.label,Magic scan,魔法扫描,,,
pages.crop.filter.Magic.desc,"Default for photos: flatten the page to its true proportions, turn paper white and ink crisp, and clear desk edges and punch holes. Colourful cards keep their colours.",照片默认：将页面还原为真实比例，使纸张变白、字迹清晰，并清除桌面边缘和打孔。彩色卡片保留原有颜色。,,,
pages.crop.filter.Original.label,Original,原图,,,
pages.crop.filter.Original.desc,Keep the photo’s colors without enhancement.,保留照片原有颜色，不做增强。,,,
pages.crop.filter.Document.label,Document,文档,,,
pages.crop.filter.Document.desc,Improve contrast and gently sharpen text.,提高对比度并适度锐化文字。,,,
pages.crop.filter.Bright.label,Bright,明亮,,,
pages.crop.filter.Bright.desc,Lighten a dark photo while keeping its colors.,提亮较暗的照片并保留颜色。,,,
pages.crop.filter.RemoveShadows.label,Faithful scan,还原扫描,,,
pages.crop.filter.RemoveShadows.desc,Reduce uneven lighting while retaining ink colors and faint strokes. No OCR rewriting or automatic erasing of marks.,减轻光线不均，同时保留墨水颜色和淡笔迹。不做 OCR 改写，也不会自动擦除标记。,,,
pages.crop.filter.Grayscale.label,Grayscale,灰度,,,
pages.crop.filter.Grayscale.desc,Remove color and retain shades of gray.,去除颜色，保留灰度层次。,,,
pages.crop.filter.BlackAndWhite.label,Black & White,黑白,,,
pages.crop.filter.BlackAndWhite.desc,Create crisp black text on white. Faint handwriting may disappear.,生成白底清晰黑字。淡的手写字迹可能会消失。,,,
pages.crop.err.unavailable,The crop editor is unavailable. Only accepted JPG and PNG photos can be adjusted.,裁剪编辑器不可用。只有已接受的 JPG 和 PNG 照片可以调整。,,,
pages.crop.err.failed,"The crop could not be processed. Adjust the corners and apply again, or retry Auto detect.",无法处理裁剪。请调整角点后重新应用，或重试自动检测。,,,
pages.crop.err.status,Could not read the crop status. Reload and try again.,无法读取裁剪状态。请重新加载后重试。,,,
pages.crop.err.conflict,This crop was changed in another session. Reload before applying your changes.,此裁剪已在另一个会话中被更改。请先重新加载再应用你的更改。,,,
pages.crop.err.save,Could not save this crop. Check the corners and try again.,无法保存此裁剪。请检查角点后重试。,,,
pages.crop.err.preview,"Your scan was saved, but its preview could not load. Reload the result.",你的扫描件已保存，但预览无法加载。请重新加载结果。,,,
pages.clean.cancel,← Cancel cleanup,← 取消清理,,,
pages.clean.title,Clean page,清理页面,,,
pages.clean.viewControls,Page view controls,页面视图控制,,,
pages.clean.zoomOut,− Zoom out,− 缩小,,,
pages.clean.zoom,Zoom {percent}%,缩放 {percent}%,,,
pages.clean.zoomIn,+ Zoom in,+ 放大,,,
pages.clean.panOn,Pan page on,平移页面：开,,,
pages.clean.pan,Pan page,平移页面,,,
pages.clean.tools,Cleanup tools,清理工具,,,
pages.clean.rectangle,Rectangle,矩形,,,
pages.clean.brush,Brush,画笔,,,
pages.clean.erase,Erase selection,清除选区,,,
pages.clean.brushSize,Brush size,画笔大小,,,
pages.clean.fine,Fine,细,,,
pages.clean.medium,Medium,中,,,
pages.clean.wide,Wide,粗,,,
pages.clean.finding,Finding holes…,正在查找孔洞…,,,
pages.clean.findHoles,Find punch holes,查找打孔,,,
pages.clean.original,Original,原图,,,
pages.clean.originalAlt,Original page for cleanup,用于清理的原始页面,,,
pages.clean.previewNotApplied,Preview — not yet applied,预览 — 尚未应用,,,
pages.clean.previewAlt,Cleanup preview,清理预览,,,
pages.clean.selected,Selected areas,已选区域,,,
pages.clean.undo,Undo selection,撤销选择,,,
pages.clean.clearAll,Clear all,全部清除,,,
pages.clean.removeArea,Remove area {n},移除区域 {n},,,
pages.clean.removeStroke,Remove brush stroke {n},移除画笔笔触 {n},,,
pages.clean.previewCleanup,Preview cleanup,预览清理效果,,,
pages.clean.discard,Discard preview,放弃预览,,,
pages.clean.apply,Apply to page,应用到页面,,,
pages.clean.loading,Loading page…,正在加载页面…,,,
pages.clean.notice.initial,Drag a small rectangle around a hole or unwanted mark. Review before applying.,在孔洞或不需要的痕迹周围拖出一个小矩形。应用前请先检查。,,,
pages.clean.err.open,Could not open this page for cleanup. Reload and try again.,无法打开此页面进行清理。请重新加载后重试。,,,
pages.clean.err.limit,Limit reached: remove an area before adding another.,已达上限：请先移除一个区域再添加。,,,
pages.clean.err.small,"Choose a small area, no more than 3% of the page.",请选择较小的区域，不超过页面的 3%。,,,
pages.clean.notice.looking,Looking for possible punch holes. Suggestions will not change the page.,正在查找可能的打孔。建议不会更改页面。,,,
pages.clean.err.detect,Could not detect holes. You can still draw small areas manually.,无法检测孔洞。你仍可手动绘制小区域。,,,
pages.clean.err.holesFailed,Hole detection failed. Draw areas manually.,孔洞检测失败。请手动绘制区域。,,,
pages.clean.notice.found,Found {count} possible holes. Remove any incorrect areas before previewing.,发现 {count} 个可能的孔洞。预览前请移除不正确的区域。,,,
pages.clean.notice.none,No confident holes found. You can draw small areas manually.,未发现确定的孔洞。你可以手动绘制小区域。,,,
pages.clean.err.suggestions,Could not load suggestions. Draw areas manually.,无法加载建议。请手动绘制区域。,,,
pages.clean.err.cover,Selected areas cover more than 5% of the page. Remove or shrink some areas.,所选区域超过页面的 5%。请移除或缩小部分区域。,,,
pages.clean.notice.preparing,Preparing a private preview. Your page has not changed.,正在准备私人预览。你的页面未被更改。,,,
pages.clean.err.prepare,Could not prepare cleanup. Reload the page and try again.,无法准备清理。请重新加载页面后重试。,,,
pages.clean.err.previewFailed,Cleanup preview failed. Adjust the area and try again.,清理预览失败。请调整区域后重试。,,,
pages.clean.notice.compare,Compare the preview with the original. Apply only if all text and lines are intact.,将预览与原图对比。仅在所有文字和线条完好时才应用。,,,
pages.clean.err.loadPreview,Could not load the preview. Try again.,无法加载预览。请重试。,,,
pages.clean.err.apply,Page changed or could not be saved. The original page is unchanged.,页面已更改或无法保存。原始页面保持不变。,,,
pages.import.title,Import pages,导入页面,,,
pages.import.close,Close,关闭,,,
pages.import.fileOne,file,个文件,,,
pages.import.fileMany,files,个文件,,,
pages.import.failed,{count} {files} could not be imported{names}.,{count} {files}无法导入{names}。,,,
pages.import.skipped,Page {n} was not changed: {reason},第 {n} 页未更改：{reason},,,
pages.import.skipTextEdits,it has text edits. Undo them in Edit first.,它含有文字编辑。请先在“编辑”中撤销。,,,
pages.import.skipUnsupported,this page can’t be adjusted here.,此页面无法在此处调整。,,,
pages.import.tryAgain,Try again,重试,,,
pages.import.pages,Pages,页面,,,
pages.import.pageAria,"Page {n}, {chip}",第 {n} 页，{chip},,,
pages.import.chip.Ready,Ready,就绪,,,
pages.import.chip.Finding,Finding edges…,正在查找边缘…,,,
pages.import.chip.Applying,Applying look…,正在应用效果…,,,
pages.import.chip.Check,Check corners,检查角点,,,
pages.import.chip.Failed,Could not import,无法导入,,,
pages.import.chip.Deferred,Look will apply when ready,准备好后将应用效果,,,
pages.import.railEmpty,Pages appear here as they are prepared.,页面准备好后会显示在这里。,,,
pages.import.loading,Loading…,加载中…,,,
pages.import.addPhotos,Add photos or PDF,添加照片或 PDF,,,
pages.import.zoomOut,Zoom out,缩小,,,
pages.import.zoomIn,Zoom in,放大,,,
pages.import.showingOriginal,Showing original photo,正在显示原始照片,,,
pages.import.compareOriginal,Compare with original,与原图对比,,,
pages.import.originalAlt,Original photo of the selected page,所选页面的原始照片,,,
pages.import.previewAlt,Preview of the selected page,所选页面的预览,,,
pages.import.loadingPreview,Loading preview…,正在加载预览…,,,
pages.import.preparingPages,Preparing your pages…,正在准备你的页面…,,,
pages.import.openingPages,Opening your pages…,正在打开你的页面…,,,
pages.import.pageSettings,Page settings,页面设置,,,
pages.import.thisPage,This page,此页面,,,
pages.import.rotateLeft,Rotate left,向左旋转,,,
pages.import.rotateRight,Rotate right,向右旋转,,,
pages.import.adjustCorners,Adjust corners,调整角点,,,
pages.import.cantRotate,This page can’t be rotated or re-cropped here.,此页面无法在此处旋转或重新裁剪。,,,
pages.import.look,Look,效果,,,
pages.import.applyAll,Apply this look to all pages,将此效果应用到所有页面,,,
pages.import.footerNote,Your original photos are always kept. You can change the look later in Edit.,你的原始照片始终保留。你可以稍后在“编辑”中更改效果。,,,
pages.import.uploadOriginals,Upload originals without changes,不做更改直接上传原图,,,
pages.import.applying,Applying your changes…,正在应用你的更改…,,,
pages.import.confirm,Confirm,确认,,,
pages.import.sum.page,page,页,,,
pages.import.sum.pageMany,pages,页,,,
pages.import.sum.count,{count} {pages},{count} {pages},,,
pages.import.sum.none,No pages to review.,没有需要查看的页面。,,,
pages.import.sum.applyingLooks,applying looks…,正在应用效果…,,,
pages.import.sum.findingEdges,finding edges…,正在查找边缘…,,,
pages.import.sum.needs1,{count} page needs a quick check,{count} 页需要快速检查,,,
pages.import.sum.needsN,{count} pages need a quick check,{count} 页需要快速检查,,,
pages.import.proc.finding,Finding the page edges…,正在查找页面边缘…,,,
pages.import.proc.preparing,Preparing your page…,正在准备你的页面…,,,
pages.import.proc.applying,Applying {what}…,正在应用{what}…,,,
pages.import.proc.changes,your changes,你的更改,,,
pages.import.err.original,Could not load the original photo. Please try again.,无法加载原始照片。请重试。,,,
pages.import.confirmLeave,Some changes are waiting for pages that are still being prepared. Leave without applying them?,部分更改正在等待仍在准备的页面。要不应用就离开吗？,,,
pages.import.err.loadPages,Could not load your pages. Retrying…,无法加载你的页面。正在重试…,,,
pages.import.err.update,Some pages could not be updated. Please try again.,部分页面无法更新。请重试。,,,
pages.card.preview,Preview pending,预览待生成,,,
pages.card.drag,Drag to reorder,拖动以重新排序,,,
pages.card.dragAria,Drag page to reorder,拖动页面以重新排序,,,
pages.card.page,Page {n},第 {n} 页,,,
pages.card.pageAria,"Page {n}, {state}",第 {n} 页，{state},,,
pages.card.thumb,Thumbnail of page {n},第 {n} 页缩略图,,,
pages.card.filter,Filter: {name},滤镜：{name},,,
pages.card.crop,Crop & filters,裁剪和滤镜,,,
pages.card.clean,Clean page,清理页面,,,
pages.card.editText,✎ Edit text,✎ 编辑文字,,,
pages.card.original,Original,原图,,,
pages.card.orderControls,Page order controls,页面顺序控制,,,
pages.card.moveEarlier,Move page {n} earlier,将第 {n} 页前移,,,
pages.card.moveLater,Move page {n} later,将第 {n} 页后移,,,
pages.card.earlier,← Earlier,← 前移,,,
pages.card.later,Later →,后移 →,,,
pages.card.remove,Remove page,移除页面,,,
pages.state.Ready,Ready,就绪,,,
pages.state.Processing,Processing,处理中,,,
pages.state.Importing,Importing,导入中,,,
pages.state.Failed,Failed,失败,,,
pages.state.Queued,Queued,排队中,,,
pages.state.Pending,Pending,待处理,,,
pages.state.Accepted,Accepted,已接受,,,
pages.state.Rejected,Rejected,已拒绝,,,
pages.state.Detecting,Detecting,检测中,,,
pages.add.eyebrow,Add to document,添加到文档,,,
pages.add.title,Add pages,添加页面,,,
pages.add.close,Close add pages,关闭添加页面,,,
pages.add.choose,Choose photos or PDFs,选择照片或 PDF,,,
pages.add.more,Select more than one file if needed.,如有需要，可选择多个文件。,,,
pages.add.selected,{count} {files} selected,已选择 {count} {files},,,
pages.add.file,file,个文件,,,
pages.add.files,files,个文件,,,
pages.add.cancel,Cancel,取消,,,
pages.add.adding,Adding…,正在添加…,,,
pages.add.addSelected,Add selected files,添加所选文件,,,
pages.add.creating,Creating pages {created}/{total},正在创建页面 {created}/{total},,,
pages.add.stage.preparing,preparing,准备中,,,
pages.add.stage.uploading,uploading,上传中,,,
pages.add.stage.validating,validating,验证中,,,
pages.add.stage.accepted,accepted,已接受,,,
pages.add.stage.expanding,expanding,展开中,,,
pages.add.stage.rejected,rejected,已拒绝,,,
pages.add.stage.failed,failed,失败,,,
pages.add.stage.error,error,错误,,,
pages.add.stage.idle,idle,空闲,,,
pages.status.checking,Checking your scan,正在检查你的扫描件,,,
pages.status.loading,Loading the latest secure status…,正在加载最新的安全状态…,,,
pages.status.validating,Validating securely,正在安全验证,,,
pages.status.validatingBody,"We’re checking the file type, integrity, and safety. You can leave this page and return later.",我们正在检查文件类型、完整性和安全性。你可以离开此页面，稍后再回来。,,,
pages.status.accepted,Upload accepted,上传已接受,,,
pages.status.acceptedBody,Scan accepted. Your original file passed validation and is ready for processing.,扫描件已接受。你的原始文件已通过验证，可以开始处理。,,,
pages.status.openPreview,Open document preview,打开文档预览,,,
pages.status.rejected,This scan could not be accepted,此扫描件无法被接受,,,
pages.status.rejectedBody,"For your safety, the file was removed. Check the format and try a different file.",为了你的安全，该文件已被移除。请检查格式并尝试其他文件。,,,
pages.status.unavailable,Status unavailable,状态不可用,,,
pages.status.unavailableBody,We could not load this scan’s status. Please try again later.,我们无法加载此扫描件的状态。请稍后重试。,,,
pages.status.back,Back to documents,返回文档列表,,,
pages.rail.pages,Pages,页面,,,
pages.rail.page,Page {n},第 {n} 页,,,
pages.rail.thumb,Thumbnail of page {n},第 {n} 页缩略图,,,
pages.rail.moveEarlierAria,Move page {n} earlier,将第 {n} 页前移,,,
pages.rail.moveEarlier,Move earlier,前移,,,
pages.rail.moveLaterAria,Move page {n} later,将第 {n} 页后移,,,
pages.rail.moveLater,Move later,后移,,,
pages.rail.removeAria,Remove page {n},移除第 {n} 页,,,
pages.rail.remove,Remove page,移除页面,,,
pages.rail.add,Add pages,添加页面,,,
pages.rail.confirm,Remove page {n} from this document?,要从此文档中移除第 {n} 页吗？,,,
pages.rail.removed,Page {n} was removed.,第 {n} 页已移除。,,,
pages.rail.err.remove,We could not remove this page. Please try again.,我们无法移除此页面。请重试。,,,
pages.rail.added,New pages were added to the document.,新页面已添加到文档。,,,
pages.rail.saved,Page order saved.,页面顺序已保存。,,,
pages.rail.changed,Page order changed in another session. The latest order has been restored.,页面顺序已在另一个会话中更改。已恢复最新顺序。,,,
pages.rail.err.save,We could not save the page order. Please try again.,我们无法保存页面顺序。请重试。,,,
pages.login.back,← Back to scanner,← 返回扫描仪,,,
pages.login.eyebrow,OPTIONAL ACCOUNT,可选账户,,,
pages.login.create,Create your account,创建你的账户,,,
pages.login.signIn,Sign in,登录,,,
pages.login.intro,Save your workspace and prepare for future premium features.,保存你的工作区，并为未来的高级功能做好准备。,,,
pages.login.google,Continue with Google,使用 Google 继续,,,
pages.login.orEmail,or use email,或使用电子邮件,,,
pages.login.email,Email address,电子邮件地址,,,
pages.login.password,Password,密码,,,
pages.login.createBtn,Create account,创建账户,,,
pages.login.emailBtn,Sign in with email,使用电子邮件登录,,,
pages.login.haveAccount,Already have an account? Sign in,已有账户？登录,,,
pages.login.newHere,New here? Create an account,新用户？创建账户,,,
pages.login.busy,Opening secure sign-in…,正在打开安全登录…,,,
pages.login.free,Scanning remains free without an account.,无需账户，扫描仍然免费。,,,
pages.login.maker,Arks Scanner is made by,Arks Scanner 由以下团队打造：,,,
pages.login.err.domain,Sign-in is not configured for this website address. Please contact support.,此网站地址尚未配置登录。请联系支持人员。,,,
pages.login.err.inUse,This Google account already has a workspace. Sign in to that existing account to continue.,此 Google 账户已有工作区。请登录该现有账户以继续。,,,
pages.login.err.cancelled,Sign-in was cancelled.,登录已取消。,,,
pages.login.err.popup,Your browser blocked the sign-in window. Please allow popups and try again.,你的浏览器拦截了登录窗口。请允许弹出窗口后重试。,,,
pages.login.err.different,This email already uses another sign-in method.,此电子邮件已使用其他登录方式。,,,
pages.login.err.exists,An account already exists for this email.,此电子邮件已有账户。,,,
pages.login.err.weak,Use a password with at least 6 characters.,请使用至少 6 个字符的密码。,,,
pages.login.err.invalid,The email or password is incorrect.,电子邮件或密码不正确。,,,
pages.login.err.notEnabled,This sign-in method is not enabled yet.,此登录方式尚未启用。,,,
pages.login.err.network,Network unavailable. Please try again.,网络不可用。请重试。,,,
pages.login.err.generic,We could not sign you in. Please try again.,我们无法让你登录。请重试。,,,
ws.backToDocs,Back to my documents,返回我的文档,,,
ws.myDocuments,My documents,我的文档,,,
ws.loadingDocument,Loading document…,正在加载文档…,,,
ws.page,page,页,,,
ws.pages,pages,页,,,
ws.pagesOne,{count} page,{count} 页,,,
ws.pagesMany,{count} pages,{count} 页,,,
ws.workspace,Workspace,工作区,,,
ws.viewTools,View tools,查看工具,,,
ws.pointer,Pointer,指针,,,
ws.selectText,Select text,选择文字,,,
ws.pan,Pan,平移,,,
ws.layout,Layout,布局,,,
ws.layout.continuous,Continuous,连续,,,
ws.layout.single,Single page,单页,,,
ws.layout.double,Two pages,双页,,,
ws.new,New,新,,,
ws.zoom,Zoom,缩放,,,
ws.zoomOut,Zoom out,缩小,,,
ws.zoomIn,Zoom in,放大,,,
ws.fitWidth,Fit width,适应宽度,,,
ws.editTools,Edit tools,编辑工具,,,
ws.searchInDocument,Search in document,在文档中搜索,,,
ws.searchPlaceholder,Search recognized text,搜索已识别的文字,,,
ws.previous,Previous,上一个,,,
ws.previousResult,Previous result,上一个结果,,,
ws.next,Next,下一个,,,
ws.nextResult,Next result,下一个结果,,,
ws.recognizing,Recognizing text…,正在识别文字…,,,
ws.recognizeOne,Recognize 1 page,识别 1 页,,,
ws.recognizeMany,Recognize {count} pages,识别 {count} 页,,,
ws.closeSearch,Close search,关闭搜索,,,
ws.exportOptions,Export options,导出选项,,,
ws.exportAs,Export as,导出为,,,
ws.export.pdf,PDF,PDF,,,
ws.export.print,Print,打印,,,
ws.export.original,Original file,原始文件,,,
ws.someFailed,Some pages could not be processed.,部分页面无法处理。,,,
ws.retrying,Retrying…,正在重试…,,,
ws.retryFailed,Retry failed pages,重试失败的页面,,,
ws.reload,Reload,重新加载,,,
ws.loginRequired,Log in required,需要登录,,,
ws.loginToUse,Log in to use {tool},登录后使用{tool},,,
ws.loginBody,"Editing text, adding text, signatures and ticks need an account, so your changes are saved to you. Your documents stay with you when you log in.",编辑文字、添加文字、签名和勾选标记需要账户，这样您的更改才会保存到您名下。登录后，您的文档会保留。,,,
ws.logIn,Log in,登录,,,
ws.notNow,Not now,暂不,,,
ws.pageEditor,Page editor,页面编辑器,,,
ws.documentPages,Document pages,文档页面,,,
ws.editPanel,Edit panel,编辑面板,,,
ws.exportPanel,Export panel,导出面板,,,
ws.searchOf,{n} of {total},第 {n} 个，共 {total} 个,,,
ws.noResults,No results,无结果,,,
ws.pageN,Page {n},第 {n} 页,,,
ws.notRecognizedYet,{pages} not recognized yet,{pages}尚未识别,,,
ws.recognizeStartFailed,Some pages could not start recognition. Try again.,部分页面无法开始识别。请重试。,,,
ws.loadFailed,We could not load this document. Please try again.,无法加载此文档。请重试。,,,
ws.restartFailed,Could not restart processing. Please try again.,无法重新开始处理。请重试。,,,
ws.group.page,Page,页面,,,
ws.group.text,Text,文字,,,
ws.group.signMark,Sign & mark,签名与标记,,,
ws.groupTools,{group} tools,{group}工具,,,
ws.pageHistory,Page history,页面历史记录,,,
ws.undo,Undo,撤销,,,
ws.redo,Redo,重做,,,
ws.noSavedChanges,No saved changes on this page yet.,此页面尚无已保存的更改。,,,
ws.versionsOfPage,{count} versions of this page. Choose one to go back to it.,此页面有 {count} 个版本。选择一个即可恢复。,,,
ws.current,current,当前,,,
ws.historyAdded,Added {text},已添加 {text},,,
ws.historyReplaced,Replaced {original} with {replacement},已将 {original} 替换为 {replacement},,,
ws.historyDeleted,Deleted {text},已删除 {text},,,
ws.originalPage,Original page,原始页面,,,
ws.historyUnavailable,Edit history is not available right now.,编辑历史记录目前不可用。,,,
ws.versionRestored,Page version restored.,页面版本已恢复。,,,
ws.textUndone,Text change undone.,文字更改已撤销。,,,
ws.textRestored,Text change restored.,文字更改已恢复。,,,
ws.historyFailed,The page changed or the action failed. Reload history and try again.,页面已更改或操作失败。请重新加载历史记录后重试。,,,
ws.editKicker,Edit,编辑,,,
ws.editKickerPage,Edit · page {page},编辑 · 第 {page} 页,,,
ws.wm.title,Add your watermark,添加您的水印,,,
ws.wm.subtitle,"Stamp every page, e.g. “For government use only”.",在每一页加盖，例如“仅限政府使用”。,,,
ws.wm.text,Text,文字,,,
ws.wm.placeholder,Type your watermark,输入您的水印,,,
ws.wm.quickText,Quick text,快捷文字,,,
ws.wm.style,Style,样式,,,
ws.wm.watermarkStyle,Watermark style,水印样式,,,
ws.wm.once,Once,单个,,,
ws.wm.repeated,Repeated,重复,,,
ws.wm.position,Position,位置,,,
ws.wm.pos.Top,Top,顶部,,,
ws.wm.pos.Center,Center,居中,,,
ws.wm.pos.Bottom,Bottom,底部,,,
ws.wm.font,Font,字体,,,
ws.wm.bold,Bold,粗体,,,
ws.wm.colour,Colour,颜色,,,
ws.wm.customColour,Custom colour,自定义颜色,,,
ws.wm.transparency,Transparency,透明度,,,
ws.wm.size,Size,大小,,,
ws.wm.angle,Angle,角度,,,
ws.wm.quickAngle,Quick angle,快捷角度,,,
ws.wm.spacing,Spacing,间距,,,
ws.wm.reset,Reset to default,恢复默认,,,
ws.exp.finalDocument,Final document,最终文档,,,
ws.exp.searchableCount,{count} searchable,{count} 页可搜索,,,
ws.exp.willBeExcluded,{pages} will be excluded.,{pages}将被排除。,,,
ws.exp.readyOne,ready page will be included.,个就绪页面将被包含。,,,
ws.exp.readyMany,ready pages will be included.,个就绪页面将被包含。,,,
ws.exp.exclOne,page will be excluded.,个页面将被排除。,,,
ws.exp.exclMany,pages will be excluded.,个页面将被排除。,,,
ws.exp.pageSize,PDF page size,PDF 页面大小,,,
ws.exp.originalSize,Original size,原始大小,,,
ws.exp.a4,A4 paper,A4 纸,,,
ws.exp.a4Hint,Ready pages will fit onto A4 paper with white margins. Portrait or landscape is chosen for each page; content will not be stretched.,就绪页面将适配 A4 纸并留有白边。每页会自动选择纵向或横向；内容不会被拉伸。,,,
ws.exp.makeSearchable,Make text searchable (optional),使文字可搜索（可选）,,,
ws.exp.makeSearchableHint,Uses existing Google OCR results to add an invisible text layer. It does not change how the page looks.,使用现有的 Google OCR 结果添加不可见的文字层，不会改变页面外观。,,,
ws.state.Queued,Queued,排队中,,,
ws.state.Processing,Processing,处理中,,,
ws.state.Failed,Failed,失败,,,
ws.state.Ready,Ready,就绪,,,
ws.exp.building,Building your PDF… You can keep organizing while this finishes.,正在生成您的 PDF…完成前您可以继续整理。,,,
ws.exp.failedMsg,The PDF could not be generated. Your pages are unchanged.,无法生成 PDF。您的页面保持不变。,,,
ws.exp.outdated,This PDF is from an earlier page order. You can still download it or generate an updated PDF.,此 PDF 基于之前的页面顺序。您仍可下载，也可以生成更新后的 PDF。,,,
ws.exp.download,Download PDF,下载 PDF,,,
ws.exp.generateLayout,Generate {layout} PDF,生成 {layout} PDF,,,
ws.exp.generateWatermark,Generate PDF with this watermark,使用此水印生成 PDF,,,
ws.exp.generateUpdated,Generate updated PDF,生成更新后的 PDF,,,
ws.exp.retry,Retry export,重试导出,,,
ws.exp.starting,Starting…,正在开始…,,,
ws.exp.generate,Generate PDF,生成 PDF,,,
ws.watermarksToday,Watermarks today,今日水印,,,
ws.ocrToday,OCR today,今日 OCR,,,
ws.exp.needReady,At least one Ready page is required.,至少需要一个就绪页面。,,,
ws.exp.searchOne,The page has searchable text.,该页面含有可搜索的文字。,,,
ws.exp.searchAll,All {count} pages have searchable text.,全部 {count} 页都含有可搜索的文字。,,,
ws.exp.searchPartial,{searchable} of {ready} pages have searchable text.,{ready} 页中有 {searchable} 页含有可搜索的文字。,,,
ws.exp.imageOnly,Image-only PDF. Text cannot be searched or selected.,纯图像 PDF。无法搜索或选择文字。,,,
ws.exp.confirm,Generate the PDF?,生成 PDF？,,,
ws.exp.started,PDF generation started.,已开始生成 PDF。,,,
ws.exp.startFailed,We could not start the PDF export. Please try again.,无法开始导出 PDF。请重试。,,,
ws.exp.downloadStarted,PDF download started.,已开始下载 PDF。,,,
ws.exp.downloadFailed,We could not download the PDF. Please try again.,无法下载 PDF。请重试。,,,
ws.exp.statusFailed,We could not refresh the PDF status. Please try again.,无法刷新 PDF 状态。请重试。,,,
ws.exp.exportIs,PDF export is {state}.,PDF 导出状态：{state}。,,,
ws.exp.readyImageOnly,PDF is ready. It is image-only.,PDF 已就绪。它是纯图像。,,,
ws.exp.readyOnePage,PDF is ready. The page is searchable.,PDF 已就绪。该页面可搜索。,,,
ws.exp.readyAll,PDF is ready. All {count} pages are searchable.,PDF 已就绪。全部 {count} 页均可搜索。,,,
ws.exp.readyPartial,PDF is ready. {searchable} of {ready} pages are searchable.,PDF 已就绪。{ready} 页中有 {searchable} 页可搜索。,,,
ws.print,Print,打印,,,
ws.printAllOne,Prints all {count} ready page at their original size.,以原始大小打印全部 {count} 个就绪页面。,,,
ws.printAllMany,Prints all {count} ready pages at their original size.,以原始大小打印全部 {count} 个就绪页面。,,,
ws.preparing,Preparing…,正在准备…,,,
ws.originalFile,Original file,原始文件,,,
ws.downloadsAsUploaded,Downloads the file as it was uploaded,按上传时的样子下载文件,,,
ws.forPageN,for page {n}.,（第 {n} 页）。,,,
ws.forSelectedPage,for the selected page.,（所选页面）。,,,
ws.downloadOriginal,Download original,下载原始文件,,,
ws.originalUnavailable,The original file is no longer available for this page.,此页面的原始文件已不可用。,,,
ws.printOpened,Print dialog opened.,已打开打印对话框。,,,
ws.printFailed,We could not prepare the document for printing. Please try again.,无法准备打印文档。请重试。,,,
ws.originalStarted,Original download started.,已开始下载原始文件。,,,
ws.originalFailed,Could not download the original. Please try again.,无法下载原始文件。请重试。,,,
ws.limit.ocr,You've used today's {limit} free OCR pages — upgrade to Pro or come back tomorrow.,您今天的 {limit} 页免费 OCR 额度已用完——请升级到 Pro 或明天再来。,,,
ws.limit.watermark,You've used today's {limit} free watermark exports — upgrade to Pro or come back tomorrow.,您今天的 {limit} 次免费水印导出额度已用完——请升级到 Pro 或明天再来。,,,
ws.limit.documents,The Free plan keeps up to {limit} documents. Delete some or upgrade to Pro.,免费方案最多保存 {limit} 个文档。请删除一些文档或升级到 Pro。,,,
ws.banner.eyebrow,MAKE ROOM FOR WHAT MATTERS,为重要的事腾出空间,,,
ws.banner.title1,"Paperwork, beautifully",文书工作，,,,
ws.banner.title2,under control.,井井有条。,,,
ws.banner.line1,Bring a document into your workspace.,把文档带进您的工作区。,,,
ws.banner.line2,Keep the important things together.,把重要的东西放在一起。,,,
ws.banner.upload,Upload a document,上传文档,,,
ws.banner.small,"DOCUMENTS, ORGANIZED.",文档，井然有序。,,,
ws.banner.art1,One less thing,少一件事,,,
ws.banner.art2,on your mind.,少一分牵挂。,,,
ws.banner.privateTitle,Private by default,默认私密,,,
ws.banner.privateBody,Your documents are only visible to your account.,您的文档仅对您的账户可见。,,,
ws.tool.crop.title,Crop & look,裁剪与外观,,,
ws.tool.crop.body,"Move the four corners, rotate the page, or switch between Magic scan and the other looks. Your original photo is kept.",移动四个角、旋转页面，或在“魔法扫描”和其他外观之间切换。您的原始照片会被保留。,,,
ws.tool.crop.s1,"Drag each corner to the paper edge, or use Auto detect.",将每个角拖到纸张边缘，或使用“自动检测”。,,,
ws.tool.crop.s2,Choose a look; Magic scan is the default for photos.,选择外观；照片默认使用“魔法扫描”。,,,
ws.tool.crop.s3,Save to update the page.,保存以更新页面。,,,
ws.tool.crop.action,Open crop & look,打开裁剪与外观,,,
ws.tool.clean.title,Clean page,清理页面,,,
ws.tool.clean.body,"Remove punch holes, staple marks or small debris. Only the areas you select change.",去除打孔、订书钉痕迹或小杂点。只有您选择的区域会改变。,,,
ws.tool.clean.s1,"Find punch holes, or paint over a mark.",查找打孔，或在痕迹上涂抹。,,,
ws.tool.clean.s2,Preview the cleanup.,预览清理效果。,,,
ws.tool.clean.s3,"Apply, or undo later from History.",应用，或之后从历史记录中撤销。,,,
ws.tool.clean.action,Start cleaning,开始清理,,,
ws.tool.text.title,Edit printed text,编辑印刷文字,,,
ws.tool.text.body,Select recognized words and type a replacement. The background behind the old text is rebuilt from the paper around it.,选择已识别的文字并输入替换内容。旧文字后面的背景会根据周围的纸张重建。,,,
ws.tool.text.s1,Drag across the words you want to change.,拖动选中要更改的文字。,,,
ws.tool.text.s2,Type the new text and pick a font.,输入新文字并选择字体。,,,
ws.tool.text.s3,"Preview the exact result, then apply.",预览确切效果，然后应用。,,,
ws.tool.text.action,Select words,选择文字,,,
ws.tool.add.title,Add text,添加文字,,,
ws.tool.add.body,"Place new printed text anywhere on the page, in any of the bundled fonts.",在页面任意位置添加新的印刷文字，可使用任一内置字体。,,,
ws.tool.add.s1,Click where the text should go.,点击文字应放置的位置。,,,
ws.tool.add.s2,Type and style it.,输入文字并设置样式。,,,
ws.tool.add.s3,"Preview, then apply.",预览，然后应用。,,,
ws.tool.add.action,Place a text box,放置文本框,,,
ws.tool.sign.title,Add a signature,添加签名,,,
ws.tool.sign.body,"Upload a signature photo or draw one, then place and resize it. A visual signature only, not a certified e-signature.",上传签名照片或手绘签名，然后放置并调整大小。仅为视觉签名，不是经认证的电子签名。,,,
ws.tool.sign.s1,Upload or draw.,上传或手绘。,,,
ws.tool.sign.s2,Drag it into place and resize.,拖到位置并调整大小。,,,
ws.tool.sign.s3,Save.,保存。,,,
ws.tool.sign.action,Add signature,添加签名,,,
ws.tool.mark.title,Tick / Cross,勾 / 叉,,,
ws.tool.mark.body,"Click a checkbox on the form to place a tick or cross. Change colour, size and stroke.",点击表单上的复选框以放置勾或叉。可更改颜色、大小和线条粗细。,,,
ws.tool.mark.s1,Choose tick or cross.,选择勾或叉。,,,
ws.tool.mark.s2,Click each box on the page.,点击页面上的每个方框。,,,
ws.tool.mark.s3,Save the marks.,保存标记。,,,
ws.tool.mark.action,Start placing marks,开始放置标记,,,
ws.tool.ocr.title,Recognize text,识别文字,,,
ws.tool.ocr.body,"Reads the words on this page so you can select, edit and search them, and export a searchable PDF.",读取此页面上的文字，方便您选择、编辑和搜索，并导出可搜索的 PDF。,,,
ws.tool.ocr.s1,Run recognition on this page.,对此页面运行识别。,,,
ws.tool.ocr.s2,Wait a few seconds.,等待几秒钟。,,,
ws.tool.ocr.s3,Select or edit words.,选择或编辑文字。,,,
ws.tool.ocr.action,Recognize this page,识别此页面,,,
admin.nav.label,Admin,管理员,,,
admin.nav.title,Admin,管理员,,,
admin.nav.dashboard,Dashboard,仪表盘,,,
admin.nav.users,Users,用户,,,
admin.nav.subscribers,Subscribers,订阅者,,,
admin.nav.payments,Payments,付款,,,
admin.nav.settings,Settings,设置,,,
admin.nav.admins,Admins,管理员,,,
admin.prev,Previous,上一页,,,
admin.next,Next,下一页,,,
admin.page,Page {page},第 {page} 页,,,
admin.guest,Guest,访客,,,
admin.active,Active,有效,,,
admin.forever,Forever,永久,,,
admin.revoke,Revoke,撤销,,,
admin.revokeConfirm,Revoke this Pro subscription now?,立即撤销此 Pro 订阅？,,,
admin.revokeFailed,Could not revoke the subscription.,无法撤销订阅。,,,
admin.col.note,Note,备注,,,
admin.col.source,Source,来源,,,
admin.col.status,Status,状态,,,
admin.col.ends,Ends,结束,,,
admin.col.email,Email,电子邮件,,,
admin.dash.title,Dashboard,仪表盘,,,
admin.dash.loadFailed,Could not load the dashboard. Reload to try again.,无法加载仪表盘。请刷新后重试。,,,
admin.dash.testBanner,Test phase — everyone gets Pro features (the Arks Scanner stamp stays).,测试阶段 — 所有人都可使用 Pro 功能（Arks Scanner 水印保留）。,,,
admin.dash.enforcedFrom,Plans are enforced from {date}.,套餐将从 {date} 起强制执行。,,,
admin.dash.enforced,Plans are enforced — Free limits apply.,已强制执行套餐 — 适用免费版限制。,,,
admin.dash.users,Users,用户,,,
admin.dash.usersHint,{signedIn} signed in · {guests} guests,{signedIn} 已登录 · {guests} 访客,,,
admin.dash.newUsers,New users,新用户,,,
admin.dash.newHint,today · {d7} in 7 days · {d30} in 30,今天 · 7 天内 {d7} · 30 天内 {d30},,,
admin.dash.active7,Active (7 days),活跃（7 天）,,,
admin.dash.pro,Pro subscribers,Pro 订阅者,,,
admin.dash.proHint,{manual} given · {paid} paid,{manual} 赠送 · {paid} 付费,,,
admin.dash.documents,Documents,文档,,,
admin.dash.documentsHint,{today} today,今天 {today},,,
admin.dash.ocrPages,OCR pages,OCR 页数,,,
admin.dash.todayMonth,today · {month} this month,今天 · 本月 {month},,,
admin.dash.ocrCost,OCR cost (month),OCR 成本（本月）,,,
admin.dash.estimate,estimate,估算,,,
admin.dash.watermarks,Watermark exports,水印导出,,,
admin.dash.chartTitle,OCR pages — last 30 days,OCR 页数 — 最近 30 天,,,
admin.dash.chartLabel,OCR pages per day for the last 30 days,最近 30 天每天的 OCR 页数,,,
admin.dash.barTitle,"{day}: {value} pages, {newUsers} new users",{day}：{value} 页，{newUsers} 位新用户,,,
admin.loading,Loading…,加载中…,,,
admin.users.title,Users,用户,,,
admin.users.searchPlaceholder,Search by email or UID,按电子邮件或 UID 搜索,,,
admin.users.searchLabel,Search users,搜索用户,,,
admin.users.search,Search,搜索,,,
admin.users.countOne,{count} user,{count} 位用户,,,
admin.users.countOther,{count} users,{count} 位用户,,,
admin.users.signIn,Sign-in,登录方式,,,
admin.users.plan,Plan,套餐,,,
admin.users.joined,Joined,加入时间,,,
admin.users.lastSeen,Last seen,最后活跃,,,
admin.users.none,No users match.,没有匹配的用户。,,,
admin.users.loadFailed,Could not load users.,无法加载用户。,,,
admin.pay.title,Payments,付款,,,
admin.pay.empty,Payments appear here once HitPay is connected.,连接 HitPay 后，付款将显示在此处。,,,
admin.pay.date,Date,日期,,,
admin.pay.account,Account,账户,,,
admin.pay.provider,Provider,服务商,,,
admin.pay.reference,Reference,参考编号,,,
admin.pay.amount,Amount,金额,,,
admin.pay.loadFailed,Could not load payments.,无法加载付款记录。,,,
admin.subs.title,Subscribers,订阅者,,,
admin.subs.account,Account,账户,,,
admin.subs.started,Started,开始,,,
admin.subs.extend,Extend,延长,,,
admin.subs.extendBy,Extend by,延长时长,,,
admin.subs.none,No Pro subscriptions yet. Give Pro from a user's page.,暂无 Pro 订阅。请在用户页面赠送 Pro。,,,
admin.subs.extendFailed,Could not extend the subscription.,无法延长订阅。,,,
admin.subs.loadFailed,Could not load subscriptions.,无法加载订阅。,,,
admin.duration.1m,1 month,1 个月,,,
admin.duration.3m,3 months,3 个月,,,
admin.duration.1y,1 year,1 年,,,
admin.duration.forever,Forever,永久,,,
admin.set.title,Plan settings,套餐设置,,,
admin.set.phase,Phase,阶段,,,
admin.set.phaseTest,"Test — everyone gets Pro features (stamp stays, nothing deleted)",测试 — 所有人都可使用 Pro 功能（水印保留，不删除任何内容）,,,
admin.set.phaseEnforced,Enforced — Free limits apply,强制执行 — 适用免费版限制,,,
admin.set.autoEnforce,Switch to Enforced automatically on (optional),自动切换为“强制执行”的时间（可选）,,,
admin.set.ocrPerDay,Free OCR pages per day,每日免费 OCR 页数,,,
admin.set.wmPerDay,Free watermark exports per day,每日免费水印导出次数,,,
admin.set.maxDocs,Free documents kept (maximum),免费保留文档数（上限）,,,
admin.set.retention,Free documents deleted after (days),免费文档删除时间（天）,,,
admin.set.ocrCost,"OCR cost per 1,000 pages (US$, for the dashboard estimate)","每 1,000 页 OCR 成本（美元，用于仪表盘估算）",,,
admin.set.timeZone,Usage day time zone,用量日期时区,,,
admin.set.save,Save,保存,,,
admin.set.saved,Saved,已保存,,,
admin.set.confirm,Apply to all users now?,立即应用于所有用户？,,,
admin.set.loadFailed,Could not load the plan settings.,无法加载套餐设置。,,,
admin.set.saveFailed,These settings were not saved. Check the values and try again.,设置未保存。请检查数值后重试。,,,
admin.detail.back,← All users,← 所有用户,,,
admin.detail.plan,Plan,套餐,,,
admin.detail.documents,Documents,文档,,,
admin.detail.ocrToday,OCR today,今日 OCR,,,
admin.detail.wmToday,Watermarks today,今日水印,,,
admin.detail.meta,UID {uid} · {provider}{admin} · joined {joined} · last seen {seen},UID {uid} · {provider}{admin} · 加入于 {joined} · 最后活跃 {seen},,,
admin.detail.adminTag, · admin, · 管理员,,,
admin.detail.giveTitle,Give Pro (free),赠送 Pro（免费）,,,
admin.detail.duration,Duration,时长,,,
admin.detail.notePlaceholder,"e.g. friend, tester",例如：朋友、测试人员,,,
admin.detail.give,Give Pro,赠送 Pro,,,
admin.detail.giveFailed,Could not give Pro.,无法赠送 Pro。,,,
admin.detail.subs,Subscriptions,订阅,,,
admin.detail.noSubs,No subscriptions yet.,暂无订阅。,,,
admin.detail.loadFailed,Could not load this user.,无法加载此用户。,,,
admin.admins.title,Admins,管理员,,,
admin.admins.addLabel,Add an admin by email,通过电子邮件添加管理员,,,
admin.admins.add,Add admin,添加管理员,,,
admin.admins.hint,The person must have signed in to Arks Scanner at least once.,此人必须至少登录过一次 Arks Scanner。,,,
admin.admins.added,Added,添加时间,,,
admin.admins.remove,Remove,移除,,,
admin.admins.removeConfirm,Remove {name} as an admin?,将 {name} 移出管理员？,,,
admin.admins.notFound,No signed-in account uses that email yet. Ask them to sign in first.,尚无已登录账户使用该电子邮件。请先让对方登录。,,,
admin.admins.addFailed,Could not add that admin.,无法添加该管理员。,,,
admin.admins.lastOne,At least one admin must remain.,必须至少保留一名管理员。,,,
admin.admins.removeFailed,Could not remove that admin.,无法移除该管理员。,,,
admin.admins.loadFailed,Could not load admins.,无法加载管理员。,,,
